donor,sample,amp,final.bam
UMB1465,1465-cortex_1-neuron_MDA_12,MDA,/n/data1/bch/genetics/walsh-park/DATA/2015_LodatoM_Science/NormalSingleCells/Alignment/20160404_NYgenome_realignment/1465/1465-cortex_1-neuron_MDA_12.bam
UMB1465,1465-cortex_1-neuron_MDA_18,MDA,/n/data1/bch/genetics/walsh-park/DATA/2015_LodatoM_Science/NormalSingleCells/Alignment/20160404_NYgenome_realignment/1465/1465-cortex_1-neuron_MDA_18.bam
UMB1465,1465-cortex_1-neuron_MDA_20,MDA,/n/data1/bch/genetics/walsh-park/DATA/2015_LodatoM_Science/NormalSingleCells/Alignment/20160404_NYgenome_realignment/1465/1465-cortex_1-neuron_MDA_20.bam
UMB1465,1465-cortex_1-neuron_MDA_24,MDA,/n/data1/bch/genetics/walsh-park/DATA/2015_LodatoM_Science/NormalSingleCells/Alignment/20160404_NYgenome_realignment/1465/1465-cortex_1-neuron_MDA_24.bam
UMB1465,1465-cortex_1-neuron_MDA_25,MDA,/n/data1/bch/genetics/walsh-park/DATA/2015_LodatoM_Science/NormalSingleCells/Alignment/20160404_NYgenome_realignment/1465/1465-cortex_1-neuron_MDA_25.bam
UMB1465,1465-cortex_1-neuron_MDA_2_WGSb,MDA,/n/data1/bch/genetics/walsh-park/DATA/2015_LodatoM_Science/NormalSingleCells/Alignment/20160404_NYgenome_realignment/1465/1465-cortex_1-neuron_MDA_2_WGSb.bam
UMB1465,1465-cortex_1-neuron_MDA_30,MDA,/n/data1/bch/genetics/walsh-park/DATA/2015_LodatoM_Science/NormalSingleCells/Alignment/20160404_NYgenome_realignment/1465/1465-cortex_1-neuron_MDA_30.bam
UMB1465,1465-cortex_1-neuron_MDA_39,MDA,/n/data1/bch/genetics/walsh-park/DATA/2015_LodatoM_Science/NormalSingleCells/Alignment/20160404_NYgenome_realignment/1465/1465-cortex_1-neuron_MDA_39.bam
UMB1465,1465-cortex_1-neuron_MDA_3_WGSb,MDA,/n/data1/bch/genetics/walsh-park/DATA/2015_LodatoM_Science/NormalSingleCells/Alignment/20160404_NYgenome_realignment/1465/1465-cortex_1-neuron_MDA_3_WGSb.bam
UMB1465,1465-cortex_1-neuron_MDA_46,MDA,/n/data1/bch/genetics/walsh-park/DATA/2015_LodatoM_Science/NormalSingleCells/Alignment/20160404_NYgenome_realignment/1465/1465-cortex_1-neuron_MDA_46.bam
UMB1465,1465-cortex_1-neuron_MDA_47,MDA,/n/data1/bch/genetics/walsh-park/DATA/2015_LodatoM_Science/NormalSingleCells/Alignment/20160404_NYgenome_realignment/1465/1465-cortex_1-neuron_MDA_47.bam
UMB1465,1465-cortex_1-neuron_MDA_5,MDA,/n/data1/bch/genetics/walsh-park/DATA/2015_LodatoM_Science/NormalSingleCells/Alignment/20160404_NYgenome_realignment/1465/1465-cortex_1-neuron_MDA_5.bam
UMB1465,1465-cortex_1-neuron_MDA_51_WGSb,MDA,/n/data1/bch/genetics/walsh-park/DATA/2015_LodatoM_Science/NormalSingleCells/Alignment/20160404_NYgenome_realignment/1465/1465-cortex_1-neuron_MDA_51_WGSb.bam
UMB1465,1465-cortex_1-neuron_MDA_6_WGSb,MDA,/n/data1/bch/genetics/walsh-park/DATA/2015_LodatoM_Science/NormalSingleCells/Alignment/20160404_NYgenome_realignment/1465/1465-cortex_1-neuron_MDA_6_WGSb.bam
UMB4638,4638-MDA-2,MDA,/n/data1/bch/genetics/walsh-park/DATA/2015_LodatoM_Science/NormalSingleCells/Alignment/20160404_NYgenome_realignment/4638/4638-MDA-02.bam
UMB4638,4638-MDA-03,MDA,/n/data1/bch/genetics/walsh-park/DATA/2015_LodatoM_Science/NormalSingleCells/Alignment/20160404_NYgenome_realignment/4638/4638-MDA-03.bam
UMB4638,4638-MDA-4,MDA,/n/data1/bch/genetics/walsh-park/DATA/2015_LodatoM_Science/NormalSingleCells/Alignment/20160404_NYgenome_realignment/4638/4638-MDA-04.bam
UMB4638,4638-MDA-7,MDA,/n/data1/bch/genetics/walsh-park/DATA/2015_LodatoM_Science/NormalSingleCells/Alignment/20160404_NYgenome_realignment/4638/4638-MDA-07.bam
UMB4638,4638-MDA-11,MDA,/n/data1/bch/genetics/walsh-park/DATA/2015_LodatoM_Science/NormalSingleCells/Alignment/20160404_NYgenome_realignment/4638/4638-MDA-11.bam
UMB4638,4638-MDA-12,MDA,/n/data1/bch/genetics/walsh-park/DATA/2015_LodatoM_Science/NormalSingleCells/Alignment/20160404_NYgenome_realignment/4638/4638-MDA-12.bam
UMB4638,4638-MDA-13,MDA,/n/data1/bch/genetics/walsh-park/DATA/2015_LodatoM_Science/NormalSingleCells/Alignment/20160404_NYgenome_realignment/4638/4638-MDA-13.bam
UMB4638,4638-MDA-14,MDA,/n/data1/bch/genetics/walsh-park/DATA/2015_LodatoM_Science/NormalSingleCells/Alignment/20160404_NYgenome_realignment/4638/4638-MDA-14.bam
UMB4638,4638-MDA-15,MDA,/n/data1/bch/genetics/walsh-park/DATA/2015_LodatoM_Science/NormalSingleCells/Alignment/20160404_NYgenome_realignment/4638/4638-MDA-15.bam
UMB4638,4638-MDA-20,MDA,/n/data1/bch/genetics/walsh-park/DATA/2015_LodatoM_Science/NormalSingleCells/Alignment/20160404_NYgenome_realignment/4638/4638-MDA-20.bam
UMB4638,4638-MDA-24,MDA,/n/data1/bch/genetics/walsh-park/DATA/2015_LodatoM_Science/NormalSingleCells/Alignment/20160404_NYgenome_realignment/4638/4638-MDA-24.bam
UMB4643,4643_MDA_1,MDA,/n/data1/bch/genetics/walsh-park/DATA/2015_LodatoM_Science/NormalSingleCells/Alignment/20160404_NYgenome_realignment/4643/4643_MDA_1.bam
UMB4643,4643_MDA_2,MDA,/n/data1/bch/genetics/walsh-park/DATA/2015_LodatoM_Science/NormalSingleCells/Alignment/20160404_NYgenome_realignment/4643/4643_MDA_2.bam
UMB4643,4643-MDA_23,MDA,/n/data1/bch/genetics/walsh-park/DATA/2015_LodatoM_Science/NormalSingleCells/Alignment/20160404_NYgenome_realignment/4643/4643_MDA_23.bam
UMB4643,4643_MDA_24,MDA,/n/data1/bch/genetics/walsh-park/DATA/2015_LodatoM_Science/NormalSingleCells/Alignment/20160404_NYgenome_realignment/4643/4643_MDA_24.bam
UMB4643,4643_MDA_26,MDA,/n/data1/bch/genetics/walsh-park/DATA/2015_LodatoM_Science/NormalSingleCells/Alignment/20160404_NYgenome_realignment/4643/4643_MDA_26.bam
UMB4643,4643_MDA_3,MDA,/n/data1/bch/genetics/walsh-park/DATA/2015_LodatoM_Science/NormalSingleCells/Alignment/20160404_NYgenome_realignment/4643/4643_MDA_3.bam
UMB4643,4643_MDA_31,MDA,/n/data1/bch/genetics/walsh-park/DATA/2015_LodatoM_Science/NormalSingleCells/Alignment/20160404_NYgenome_realignment/4643/4643_MDA_31.bam
UMB4643,4643_MDA_32,MDA,/n/data1/bch/genetics/walsh-park/DATA/2015_LodatoM_Science/NormalSingleCells/Alignment/20160404_NYgenome_realignment/4643/4643_MDA_32.bam
UMB4643,4643_MDA_4,MDA,/n/data1/bch/genetics/walsh-park/DATA/2015_LodatoM_Science/NormalSingleCells/Alignment/20160404_NYgenome_realignment/4643/4643_MDA_4.bam
UMB4643,4643_MDA_5,MDA,/n/data1/bch/genetics/walsh-park/DATA/2015_LodatoM_Science/NormalSingleCells/Alignment/20160404_NYgenome_realignment/4643/4643_MDA_5.bam
UMB1278,1278_ct_p1E3,MDA,/n/data1/bch/genetics/walsh-park/DATA/2018_LodatoM_Science_Aging/Aging/Alignment/20161223_Alignment/1278_ct_p1E3.bam
UMB1278,1278_ct_p1E6,MDA,/n/data1/hms/dbmi/park/jluquette/Walsh_Zinan_ALS_FTD/bam_reheaders/1278_ct_p1E6.reheadered.bam
UMB1278,1278_ct_p1G9,MDA,/n/data1/bch/genetics/walsh-park/DATA/2018_LodatoM_Science_Aging/Aging/Alignment/20161223_Alignment/1278_ct_p1G9.bam
UMB1278,1278_ct_p2B9,MDA,/n/data1/hms/dbmi/park/jluquette/Walsh_Zinan_ALS_FTD/bam_reheaders/1278_ct_p2B9.reheadered.bam
UMB1278,1278_ct_p2C7,MDA,/n/data1/hms/dbmi/park/jluquette/Walsh_Zinan_ALS_FTD/bam_reheaders/1278_ct_p2C7.reheadered.bam
UMB1278,1278_ct_p2E4,MDA,/n/data1/bch/genetics/walsh-park/DATA/2018_LodatoM_Science_Aging/Aging/Alignment/20161223_Alignment/1278_ct_p2E4.bam
UMB1278,1278_ct_p2E6,MDA,/n/data1/hms/dbmi/park/jluquette/Walsh_Zinan_ALS_FTD/bam_reheaders/1278_ct_p2E6.reheadered.bam
UMB1278,1278_ct_p2F5,MDA,/n/data1/hms/dbmi/park/jluquette/Walsh_Zinan_ALS_FTD/bam_reheaders/1278_ct_p2F5.reheadered.bam
UMB1278,1278_ct_p2G5,MDA,/n/data1/hms/dbmi/park/jluquette/Walsh_Zinan_ALS_FTD/bam_reheaders/1278_ct_p2G5.reheadered.bam
UMB1465,1465_ct_8p2h8,MDA,/n/data1/hms/dbmi/park/jluquette/Walsh_Zinan_ALS_FTD/bam_reheaders/1465_ct_8p2h8.reheadered.bam
UMB1465,1465_ct_p2B11,MDA,/n/data1/hms/dbmi/park/jluquette/Walsh_Zinan_ALS_FTD/bam_reheaders/1465_ct_p2B11.reheadered.bam
UMB1465,1465_ctx_p2F06,MDA,/n/data1/hms/dbmi/park/jluquette/Walsh_Zinan_ALS_FTD/bam_reheaders/1465_ctx_p2F06.reheadered.bam
UMB1465,1465_ctx_p2g8,MDA,/n/data1/hms/dbmi/park/jluquette/Walsh_Zinan_ALS_FTD/bam_reheaders/1465_ctx_p2g8.reheadered.bam
UMB5171,5171_ct_p1H1,MDA,/n/data1/hms/dbmi/park/jluquette/Walsh_Zinan_ALS_FTD/bam_reheaders/5171_ct_p1H1.reheadered.bam
UMB5171,5171_ct_p2F11,MDA,/n/data1/hms/dbmi/park/jluquette/Walsh_Zinan_ALS_FTD/bam_reheaders/5171_ct_p2F11.reheadered.bam
UMB5171,5171_ct_p2F12,MDA,/n/data1/hms/dbmi/park/jluquette/Walsh_Zinan_ALS_FTD/bam_reheaders/5171_ct_p2F12.reheadered.bam
UMB5171,5171_ct_p2G4,MDA,/n/data1/hms/dbmi/park/jluquette/Walsh_Zinan_ALS_FTD/bam_reheaders/5171_ct_p2G4.reheadered.bam
UMB5219,5219_ct_p1G1,MDA,/n/data1/hms/dbmi/park/jluquette/Walsh_Zinan_ALS_FTD/bam_reheaders/5219_ct_p1G1.reheadered.bam
UMB5219,5219_ct_p1G7,MDA,/n/data1/hms/dbmi/park/jluquette/Walsh_Zinan_ALS_FTD/bam_reheaders/5219_ct_p1G7.reheadered.bam
UMB5219,5219_ct_p2A12,MDA,/n/data1/hms/dbmi/park/jluquette/Walsh_Zinan_ALS_FTD/bam_reheaders/5219_ct_p2A12.reheadered.bam
UMB5219,5219_ct_p2C3,MDA,/n/data1/hms/dbmi/park/jluquette/Walsh_Zinan_ALS_FTD/bam_reheaders/5219_ct_p2C3.reheadered.bam
UMB5817,5817_ct_p1H10,MDA,/n/data1/hms/dbmi/park/jluquette/Walsh_Zinan_ALS_FTD/bam_reheaders/5817_ct_p1H10.reheadered.bam
UMB5817,5817_ct_p1H2,MDA,/n/data1/hms/dbmi/park/jluquette/Walsh_Zinan_ALS_FTD/bam_reheaders/5817_ct_p1H2.reheadered.bam
UMB5817,5817_ct_p1H5,MDA,/n/data1/hms/dbmi/park/jluquette/Walsh_Zinan_ALS_FTD/bam_reheaders/5817_ct_p1H5.reheadered.bam
UMB5817,5817_ct_p2H6,MDA,/n/data1/hms/dbmi/park/jluquette/Walsh_Zinan_ALS_FTD/bam_reheaders/5817_ct_p2H6.reheadered.bam
UMB5511,5511_20150527-pfc-1cp1F6_20170221-WGS,MDA,/n/data1/bch/genetics/walsh-park/DATA/2018_LodatoM_Science_Aging/Aging/Alignment/20170420_Alignment/5511_20150527-pfc-1cp1F6_20170221-WGS-final-all.bam
UMB5511,5511_20150527-pfc-1cp2D3_20170221-WGS,MDA,/n/data1/bch/genetics/walsh-park/DATA/2018_LodatoM_Science_Aging/Aging/Alignment/20170420_Alignment/5511_20150527-pfc-1cp2D3_20170221-WGS-final-all.bam
UMB5511,5511_20150527-pfc-1cp2F3_20170221-WGS,MDA,/n/data1/bch/genetics/walsh-park/DATA/2018_LodatoM_Science_Aging/Aging/Alignment/20170420_Alignment/5511_20150527-pfc-1cp2F3_20170221-WGS-final-all.bam
UMB5823,5823_20160810-dg-1cp2E1_20170221-WGS,MDA,/n/data1/bch/genetics/walsh-park/DATA/2018_LodatoM_Science_Aging/Aging/Alignment/20170420_Alignment/5823_20160810-dg-1cp2E1_20170221-WGS-final-all.bam
UMB5823,5823_20160810-dg-1cp3D11_20170221-WGS,MDA,/n/data1/bch/genetics/walsh-park/DATA/2018_LodatoM_Science_Aging/Aging/Alignment/20170420_Alignment/5823_20160810-dg-1cp3D11_20170221-WGS-final-all.bam
UMB5823,5823_20160810-dg-1cp3H1_20170221-WGS,MDA,/n/data1/bch/genetics/walsh-park/DATA/2018_LodatoM_Science_Aging/Aging/Alignment/20170420_Alignment/5823_20160810-dg-1cp3H1_20170221-WGS-final-all.bam
UMB5823,5823_20160824-pfc-1cp1F11_20170221-WGS,MDA,/n/data1/bch/genetics/walsh-park/DATA/2018_LodatoM_Science_Aging/Aging/Alignment/20170420_Alignment/5823_20160824-pfc-1cp1F11_20170221-WGS-final-all.bam
UMB5823,5823_20160824-pfc-1cp2E1_20170221-WGS,MDA,/n/data1/bch/genetics/walsh-park/DATA/2018_LodatoM_Science_Aging/Aging/Alignment/20170420_Alignment/5823_20160824-pfc-1cp2E1_20170221-WGS-final-all.bam
UMB5823,5823_20160824-pfc-1cp2G5_20170221-WGS,MDA,/n/data1/bch/genetics/walsh-park/DATA/2018_LodatoM_Science_Aging/Aging/Alignment/20170420_Alignment/5823_20160824-pfc-1cp2G5_20170221-WGS-final-all.bam
UMB5840,5840_20160809-pfc-1cp1C2_20170221-WGS,MDA,/n/data1/bch/genetics/walsh-park/DATA/2018_LodatoM_Science_Aging/Aging/Alignment/20170420_Alignment/5840_20160809-pfc-1cp1C2_20170221-WGS-final-all.bam
UMB5840,5840_20160809-pfc-1cp1D7_20170221-WGS,MDA,/n/data1/bch/genetics/walsh-park/DATA/2018_LodatoM_Science_Aging/Aging/Alignment/20170420_Alignment/5840_20160809-pfc-1cp1D7_20170221-WGS-final-all.bam
UMB5840,5840_20160809-pfc-1cp1G4_20170221-WGS,MDA,/n/data1/bch/genetics/walsh-park/DATA/2018_LodatoM_Science_Aging/Aging/Alignment/20170420_Alignment/5840_20160809-pfc-1cp1G4_20170221-WGS-final-all.bam
UMB5840,5840_20160810-dg-1cp2D10_20170221-WGS,MDA,/n/data1/bch/genetics/walsh-park/DATA/2018_LodatoM_Science_Aging/Aging/Alignment/20170420_Alignment/5840_20160810-dg-1cp2D10_20170221-WGS-final-all.bam
UMB5840,5840_20160810-dg-1cp3A10_20170221-WGS,MDA,/n/data1/bch/genetics/walsh-park/DATA/2018_LodatoM_Science_Aging/Aging/Alignment/20170420_Alignment/5840_20160810-dg-1cp3A10_20170221-WGS-final-all.bam
UMB5840,5840_20160810-dg-1cp3F8_20170221-WGS,MDA,/n/data1/bch/genetics/walsh-park/DATA/2018_LodatoM_Science_Aging/Aging/Alignment/20170420_Alignment/5840_20160810-dg-1cp3F8_20170221-WGS-final-all.bam
UMB936,936_20141001-pfc-1cp1G11_20170221-WGS,MDA,/n/data1/bch/genetics/walsh-park/DATA/2018_LodatoM_Science_Aging/Aging/Alignment/20170420_Alignment/936_20141001-pfc-1cp1G11_20170221-WGS-final-all.bam
UMB936,936_20141001-pfc-1cp1H9_20170221-WGS,MDA,/n/data1/bch/genetics/walsh-park/DATA/2018_LodatoM_Science_Aging/Aging/Alignment/20170420_Alignment/936_20141001-pfc-1cp1H9_20170221-WGS-final-all.bam
UMB936,936_20141001-pfc-1cp2F6_20170221-WGS,MDA,/n/data1/bch/genetics/walsh-park/DATA/2018_LodatoM_Science_Aging/Aging/Alignment/20170420_Alignment/936_20141001-pfc-1cp2F6_20170221-WGS-final-all.bam
UMB5559,5559-dg1C11,MDA,/n/data1/bch/genetics/walsh-park/DATA/2018_LodatoM_Science_Aging/Hippocampus/Alignment/20151226_Macrogen/5559_0826-dg-1cp1C11.bam
UMB5559,5559-dg1F1,MDA,/n/data1/bch/genetics/walsh-park/DATA/2018_LodatoM_Science_Aging/Hippocampus/Alignment/20151226_Macrogen/5559_0826-dg-1cp1F1.bam
UMB5559,5559-dg3A11,MDA,/n/data1/bch/genetics/walsh-park/DATA/2018_LodatoM_Science_Aging/Hippocampus/Alignment/20151226_Macrogen/5559_0826-dg-1cp3A11.bam
UMB5559,5559-dg4C11,MDA,/n/data1/bch/genetics/walsh-park/DATA/2018_LodatoM_Science_Aging/Hippocampus/Alignment/20151226_Macrogen/5559_0826-dg-1cp4C11.bam
UMB5559,5559-dg4E3,MDA,/n/data1/bch/genetics/walsh-park/DATA/2018_LodatoM_Science_Aging/Hippocampus/Alignment/20151226_Macrogen/5559_0826-dg-1cp4E3.bam
UMB5559,5559-pfc1C4,MDA,/n/data1/bch/genetics/walsh-park/DATA/2018_LodatoM_Science_Aging/Hippocampus/Alignment/20151226_Macrogen/5559_0902-pfc-1cp1C4.bam
UMB5559,5559-pfc1C7,MDA,/n/data1/bch/genetics/walsh-park/DATA/2018_LodatoM_Science_Aging/Hippocampus/Alignment/20151226_Macrogen/5559_0902-pfc-1cp1C7.bam
UMB5559,5559-pfc1E2,MDA,/n/data1/bch/genetics/walsh-park/DATA/2018_LodatoM_Science_Aging/Hippocampus/Alignment/20151226_Macrogen/5559_0902-pfc-1cp1E2.bam
UMB5559,5559-pfc1H2,MDA,/n/data1/bch/genetics/walsh-park/DATA/2018_LodatoM_Science_Aging/Hippocampus/Alignment/20151226_Macrogen/5559_0902-pfc-1cp1H2.bam
UMB5559,5559-pfc2A3,MDA,/n/data1/bch/genetics/walsh-park/DATA/2018_LodatoM_Science_Aging/Hippocampus/Alignment/20151226_Macrogen/5559_0902-pfc-1cp2A3.bam
UMB5657,5657-pfc1D2,MDA,/n/data1/bch/genetics/walsh-park/DATA/2018_LodatoM_Science_Aging/Hippocampus/Alignment/20151226_Macrogen/5657_0902-pfc-1cp1D2.bam
UMB5657,5657-pfc1E11,MDA,/n/data1/bch/genetics/walsh-park/DATA/2018_LodatoM_Science_Aging/Hippocampus/Alignment/20151226_Macrogen/5657_0902-pfc-1cp1E11.bam
UMB5657,5657-pfc2A6,MDA,/n/data1/bch/genetics/walsh-park/DATA/2018_LodatoM_Science_Aging/Hippocampus/Alignment/20151226_Macrogen/5657_0902-pfc-1cp2A6.bam
UMB5657,5657-pfc2F1,MDA,/n/data1/bch/genetics/walsh-park/DATA/2018_LodatoM_Science_Aging/Hippocampus/Alignment/20151226_Macrogen/5657_0902-pfc-1cp2F1.bam
UMB5657,5657-pfc2G9,MDA,/n/data1/bch/genetics/walsh-park/DATA/2018_LodatoM_Science_Aging/Hippocampus/Alignment/20151226_Macrogen/5657_0902-pfc-1cp2G9.bam
UMB5657,5657-dg1G2,MDA,/n/data1/bch/genetics/walsh-park/DATA/2018_LodatoM_Science_Aging/Hippocampus/Alignment/20151226_Macrogen/5657_0908-dg-1cp1G2.bam
UMB5657,5657-dg2G2,MDA,/n/data1/bch/genetics/walsh-park/DATA/2018_LodatoM_Science_Aging/Hippocampus/Alignment/20151226_Macrogen/5657_0908-dg-1cp2G2.bam
UMB5657,5657-dg4A12,MDA,/n/data1/bch/genetics/walsh-park/DATA/2018_LodatoM_Science_Aging/Hippocampus/Alignment/20151226_Macrogen/5657_0908-dg-1cp4A12.bam
UMB5657,5657-dg4B1,MDA,/n/data1/bch/genetics/walsh-park/DATA/2018_LodatoM_Science_Aging/Hippocampus/Alignment/20151226_Macrogen/5657_0908-dg-1cp4B1.bam
UMB5657,5657-dg4H1,MDA,/n/data1/bch/genetics/walsh-park/DATA/2018_LodatoM_Science_Aging/Hippocampus/Alignment/20151226_Macrogen/5657_0908-dg-1cp4H1.bam
UMB5087,5087-1cp1C6,MDA,/n/data1/bch/genetics/walsh-park/DATA/2018_LodatoM_Science_Aging/Hippocampus/Alignment/20160518_Macrogen/5087-1cp1C6.bam
UMB5087,5087-1cp1C9,MDA,/n/data1/bch/genetics/walsh-park/DATA/2018_LodatoM_Science_Aging/Hippocampus/Alignment/20160518_Macrogen/5087-1cp1C9.bam
UMB5087,5087-1cp1D6,MDA,/n/data1/bch/genetics/walsh-park/DATA/2018_LodatoM_Science_Aging/Hippocampus/Alignment/20160518_Macrogen/5087-1cp1D6.bam
UMB5087,5087-1cp1H10b,MDA,/n/data1/bch/genetics/walsh-park/DATA/2018_LodatoM_Science_Aging/Hippocampus/Alignment/20160518_Macrogen/5087-1cp1H10b.bam
UMB5087,5087-1cp2A2,MDA,/n/data1/bch/genetics/walsh-park/DATA/2018_LodatoM_Science_Aging/Hippocampus/Alignment/20160518_Macrogen/5087-1cp2A2.bam
UMB5532,5532-1cp1E11,MDA,/n/data1/bch/genetics/walsh-park/DATA/2018_LodatoM_Science_Aging/Hippocampus/Alignment/20160518_Macrogen/5532-1cp1E11.bam
UMB5532,5532-1cp1E9,MDA,/n/data1/bch/genetics/walsh-park/DATA/2018_LodatoM_Science_Aging/Hippocampus/Alignment/20160518_Macrogen/5532-1cp1E9.bam
UMB5532,5532-1cp1H11,MDA,/n/data1/bch/genetics/walsh-park/DATA/2018_LodatoM_Science_Aging/Hippocampus/Alignment/20160518_Macrogen/5532-1cp1H11.bam
UMB5532,5532-1cp1H4,MDA,/n/data1/bch/genetics/walsh-park/DATA/2018_LodatoM_Science_Aging/Hippocampus/Alignment/20160518_Macrogen/5532-1cp1H4.bam
UMB5532,5532-1cp1H9,MDA,/n/data1/bch/genetics/walsh-park/DATA/2018_LodatoM_Science_Aging/Hippocampus/Alignment/20160518_Macrogen/5532-1cp1H9.bam
UMB5087,5087pfc-Lp1C5,MDA,/n/data1/bch/genetics/walsh-park/DATA/2018_LodatoM_Science_Aging/Hippocampus/Alignment/20170213_Alignment/5087pfc-Lp1C5.bam
UMB5087,5087pfc-Rp1G4,MDA,/n/data1/bch/genetics/walsh-park/DATA/2018_LodatoM_Science_Aging/Hippocampus/Alignment/20170213_Alignment/5087pfc-Rp1G4.bam
UMB5087,5087pfc-Rp3C5,MDA,/n/data1/bch/genetics/walsh-park/DATA/2018_LodatoM_Science_Aging/Hippocampus/Alignment/20170213_Alignment/5087pfc-Rp3C5.bam
UMB5087,5087pfc-Rp3F4,MDA,/n/data1/bch/genetics/walsh-park/DATA/2018_LodatoM_Science_Aging/Hippocampus/Alignment/20170213_Alignment/5087pfc-Rp3F4.bam
UMB5532,5532pfc-Lp1C5,MDA,/n/data1/bch/genetics/walsh-park/DATA/2018_LodatoM_Science_Aging/Hippocampus/Alignment/20170213_Alignment/5532pfc-Lp1C5.bam
UMB5532,5532pfc-Lp2C5,MDA,/n/data1/bch/genetics/walsh-park/DATA/2018_LodatoM_Science_Aging/Hippocampus/Alignment/20170213_Alignment/5532pfc-Lp2C5.bam
UMB5532,5532pfc-Rp1C11,MDA,/n/data1/bch/genetics/walsh-park/DATA/2018_LodatoM_Science_Aging/Hippocampus/Alignment/20170213_Alignment/5532pfc-Rp1C11.bam
UMB5532,5532pfc-Rp1H7,MDA,/n/data1/bch/genetics/walsh-park/DATA/2018_LodatoM_Science_Aging/Hippocampus/Alignment/20170213_Alignment/5532pfc-Rp1H7.bam
UMB1465,1465-2-C1,MDA,/n/data1/bch/genetics/walsh-park/DATA/2018_LodatoM_Science_Aging/MikeCoulter_2_MDAneurons_1465/1465-2-C1.bam
UMB1465,1465-2-E12,MDA,/n/data1/hms/dbmi/park/jluquette/Walsh_Zinan_ALS_FTD/bam_reheaders/1465-2-E12.reheadered.bam
UMB5657,GliaLC-4-B12,MDA,/n/data1/bch/genetics/walsh-park/DATA/2019_GanzJ_Glia_MDA/5657-GliaLC-4-B12.b37.bam
UMB5657,GliaLC-4-D12,MDA,/n/data1/bch/genetics/walsh-park/DATA/2019_GanzJ_Glia_MDA/5657-GliaLC-4-D12.b37.bam
UMB5657,GliaLC-4-D8,MDA,/n/data1/bch/genetics/walsh-park/DATA/2019_GanzJ_Glia_MDA/5657-GliaLC-4-D8.b37.bam
UMB5657,GliaLC-4-E12,MDA,/n/data1/bch/genetics/walsh-park/DATA/2019_GanzJ_Glia_MDA/5657-GliaLC-4-E12.b37.bam
UMB5657,GliaLC-4-F11,MDA,/n/data1/bch/genetics/walsh-park/DATA/2019_GanzJ_Glia_MDA/5657-GliaLC-4-F11.b37.bam
UMB5657,GliaLC-4-F7,MDA,/n/data1/bch/genetics/walsh-park/DATA/2019_GanzJ_Glia_MDA/5657-GliaLC-4-F7.b37.bam
UMB5657,GliaLC-4-F9,MDA,/n/data1/bch/genetics/walsh-park/DATA/2019_GanzJ_Glia_MDA/5657-GliaLC-4-F9.b37.bam
UMB5657,GliaLC-4-G10,MDA,/n/data1/bch/genetics/walsh-park/DATA/2019_GanzJ_Glia_MDA/5657-GliaLC-4-G10.b37.bam
UMB5657,GliaLC-4-H7,MDA,/n/data1/bch/genetics/walsh-park/DATA/2019_GanzJ_Glia_MDA/5657-GliaLC-4-H7.b37.bam
UMB5657,GliaLC-4-H8,MDA,/n/data1/bch/genetics/walsh-park/DATA/2019_GanzJ_Glia_MDA/5657-GliaLC-4-H8.b37.bam
UMB1278,GliaLC-5-B12,MDA,/n/data1/bch/genetics/walsh-park/DATA/2019_GanzJ_Glia_MDA/1278-GliaLC-5-B12.b37.bam
UMB1278,GliaLC-5-B7,MDA,/n/data1/bch/genetics/walsh-park/DATA/2019_GanzJ_Glia_MDA/1278-GliaLC-5-B7.b37.bam
UMB1278,GliaLC-5-B8,MDA,/n/data1/bch/genetics/walsh-park/DATA/2019_GanzJ_Glia_MDA/1278-GliaLC-5-B8.b37.bam
UMB1278,GliaLC-5-C7,MDA,/n/data1/bch/genetics/walsh-park/DATA/2019_GanzJ_Glia_MDA/1278-GliaLC-5-C7.b37.bam
UMB1278,GliaLC-5-D10,MDA,/n/data1/bch/genetics/walsh-park/DATA/2019_GanzJ_Glia_MDA/1278-GliaLC-5-D10.b37.bam
UMB1278,GliaLC-5-E12,MDA,/n/data1/bch/genetics/walsh-park/DATA/2019_GanzJ_Glia_MDA/1278-GliaLC-5-E12.b37.bam
UMB1278,GliaLC-5-E7,MDA,/n/data1/bch/genetics/walsh-park/DATA/2019_GanzJ_Glia_MDA/1278-GliaLC-5-E7.b37.bam
UMB1278,GliaLC-5-G7,MDA,/n/data1/bch/genetics/walsh-park/DATA/2019_GanzJ_Glia_MDA/1278-GliaLC-5-G7.b37.bam
UMB1278,GliaLC-5-H10,MDA,/n/data1/bch/genetics/walsh-park/DATA/2019_GanzJ_Glia_MDA/1278-GliaLC-5-H10.b37.bam
UMB1278,GliaLC-5-H11,MDA,/n/data1/bch/genetics/walsh-park/DATA/2019_GanzJ_Glia_MDA/1278-GliaLC-5-H11.b37.bam
UMB5171,GliaLC-6-A5,MDA,/n/data1/bch/genetics/walsh-park/DATA/2019_GanzJ_Glia_MDA/5171-GliaLC-6-A5.b37.bam
UMB5871,GliaLC-6-A7,MDA,/n/data1/bch/genetics/walsh-park/DATA/2019_GanzJ_Glia_MDA/5871-GliaLC-6-A7.b37.bam
UMB5871,GliaLC-6-B10,MDA,/n/data1/bch/genetics/walsh-park/DATA/2019_GanzJ_Glia_MDA/5871-GliaLC-6-B10.b37.bam
UMB5171,GliaLC-6-B4,MDA,/n/data1/bch/genetics/walsh-park/DATA/2019_GanzJ_Glia_MDA/5171-GliaLC-6-B4.b37.bam
UMB5171,GliaLC-6-B5,MDA,/n/data1/bch/genetics/walsh-park/DATA/2019_GanzJ_Glia_MDA/5171-GliaLC-6-B5.b37.bam
UMB5171,GliaLC-6-C1,MDA,/n/data1/bch/genetics/walsh-park/DATA/2019_GanzJ_Glia_MDA/5171-GliaLC-6-C1.b37.bam
UMB5171,GliaLC-6-C2,MDA,/n/data1/bch/genetics/walsh-park/DATA/2019_GanzJ_Glia_MDA/5171-GliaLC-6-C2.b37.bam
UMB5871,GliaLC-6-D10,MDA,/n/data1/bch/genetics/walsh-park/DATA/2019_GanzJ_Glia_MDA/5871-GliaLC-6-D10.b37.bam
UMB5871,GliaLC-6-D8,MDA,/n/data1/bch/genetics/walsh-park/DATA/2019_GanzJ_Glia_MDA/5871-GliaLC-6-D8.b37.bam
UMB5171,GliaLC-6-E6,MDA,/n/data1/bch/genetics/walsh-park/DATA/2019_GanzJ_Glia_MDA/5171-GliaLC-6-E6.b37.bam
UMB5871,GliaLC-6-E7,MDA,/n/data1/bch/genetics/walsh-park/DATA/2019_GanzJ_Glia_MDA/5871-GliaLC-6-E7.b37.bam
UMB5871,GliaLC-6-F10,MDA,/n/data1/bch/genetics/walsh-park/DATA/2019_GanzJ_Glia_MDA/5871-GliaLC-6-F10.b37.bam
UMB5871,GliaLC-6-F12,MDA,/n/data1/bch/genetics/walsh-park/DATA/2019_GanzJ_Glia_MDA/5871-GliaLC-6-F12.b37.bam
UMB5171,GliaLC-6-F3,MDA,/n/data1/bch/genetics/walsh-park/DATA/2019_GanzJ_Glia_MDA/5171-GliaLC-6-F3.b37.bam
UMB5171,GliaLC-6-G3,MDA,/n/data1/bch/genetics/walsh-park/DATA/2019_GanzJ_Glia_MDA/5171-GliaLC-6-G3.b37.bam
UMB5171,GliaLC-6-G4,MDA,/n/data1/bch/genetics/walsh-park/DATA/2019_GanzJ_Glia_MDA/5171-GliaLC-6-G4.b37.bam
UMB5871,GliaLC-6-G7,MDA,/n/data1/bch/genetics/walsh-park/DATA/2019_GanzJ_Glia_MDA/5871-GliaLC-6-G7.b37.bam
UMB5871,GliaLC-6-H12,MDA,/n/data1/bch/genetics/walsh-park/DATA/2019_GanzJ_Glia_MDA/5871-GliaLC-6-H12.b37.bam
UMB5171,GliaLC-6-H3,MDA,/n/data1/bch/genetics/walsh-park/DATA/2019_GanzJ_Glia_MDA/5171-GliaLC-6-H3.b37.bam
UMB5871,GliaLC-6-H7,MDA,/n/data1/bch/genetics/walsh-park/DATA/2019_GanzJ_Glia_MDA/5871-GliaLC-6-H7.b37.bam
MADRC1353,1353-181114-Pp2B08,MDA,/n/data1/bch/genetics/walsh-park/DATA/2019_MillerM_Alz_neurons_MDA/1353-181114-Pp2B08.bam
MADRC1353,1353-181114-Pp2H04,MDA,/n/data1/hms/dbmi/park/jluquette/Walsh_Zinan_ALS_FTD/bam_reheaders/1353-181114-Pp2H04.reheadered.bam
MADRC1353,1353-181114-Pp2H10,MDA,/n/data1/hms/dbmi/park/jluquette/Walsh_Zinan_ALS_FTD/bam_reheaders/1353-181114-Pp2H10.reheadered.bam
MADRC1353,1353_180322_P1E03,MDA,/n/data1/bch/genetics/walsh-park/DATA/2019_MillerM_Alz_neurons_MDA/1353_180322_P1E03.bam
MADRC1353,1353_180322_Pp1C02,MDA,/n/data1/bch/genetics/walsh-park/DATA/2019_MillerM_Alz_neurons_MDA/1353_180322_Pp1C02.bam
MADRC1353,1353_180322_Pp1G05,MDA,/n/data1/bch/genetics/walsh-park/DATA/2019_MillerM_Alz_neurons_MDA/1353_180322_Pp1G05.bam
MADRC1353,1353_180322_Pp1H01,MDA,/n/data1/bch/genetics/walsh-park/DATA/2019_MillerM_Alz_neurons_MDA/1353_180322_Pp1H01.bam
MADRC1353,1353_180327_Hp1D03,MDA,/n/data1/bch/genetics/walsh-park/DATA/2019_MillerM_Alz_neurons_MDA/1353_180327_Hp1D03.bam
MADRC1353,1353_180508_Hp2C08,MDA,/n/data1/bch/genetics/walsh-park/DATA/2019_MillerM_Alz_neurons_MDA/1353_180508_Hp2C08.bam
MADRC1353,1353_180508_Hp2E08,MDA,/n/data1/bch/genetics/walsh-park/DATA/2019_MillerM_Alz_neurons_MDA/1353_180508_Hp2E08.bam
MADRC1353,1353_180508_Hp2G06,MDA,/n/data1/bch/genetics/walsh-park/DATA/2019_MillerM_Alz_neurons_MDA/1353_180508_Hp2G06.bam
MADRC1353,1353_180508_Hp2H11,MDA,/n/data1/bch/genetics/walsh-park/DATA/2019_MillerM_Alz_neurons_MDA/1353_180508_Hp2H11.bam
MADRC1456,1456_180403_Hp1D06,MDA,/n/data1/bch/genetics/walsh-park/DATA/2019_MillerM_Alz_neurons_MDA/1456_180403_Hp1D06.bam
MADRC1456,1456_180403_Hp1D12,MDA,/n/data1/bch/genetics/walsh-park/DATA/2019_MillerM_Alz_neurons_MDA/1456_180403_Hp1D12.bam
MADRC1456,1456_180403_Hp1E10,MDA,/n/data1/bch/genetics/walsh-park/DATA/2019_MillerM_Alz_neurons_MDA/1456_180403_Hp1E10.bam
MADRC1456,1456_180403_Hp1G11,MDA,/n/data1/bch/genetics/walsh-park/DATA/2019_MillerM_Alz_neurons_MDA/1456_180403_Hp1G11.bam
MADRC1456,1456_180403_Hp2G08,MDA,/n/data1/bch/genetics/walsh-park/DATA/2019_MillerM_Alz_neurons_MDA/1456_180403_Hp2G08.bam
MADRC1456,1456_180508_Pp2B03,MDA,/n/data1/bch/genetics/walsh-park/DATA/2019_MillerM_Alz_neurons_MDA/1456_180508_Pp2B03.bam
MADRC1456,1456_180508_Pp2B10,MDA,/n/data1/bch/genetics/walsh-park/DATA/2019_MillerM_Alz_neurons_MDA/1456_180508_Pp2B10.bam
MADRC1456,1456_180508_Pp2D03,MDA,/n/data1/bch/genetics/walsh-park/DATA/2019_MillerM_Alz_neurons_MDA/1456_180508_Pp2D03.bam
MADRC1456,1456_180508_Pp2D11,MDA,/n/data1/bch/genetics/walsh-park/DATA/2019_MillerM_Alz_neurons_MDA/1456_180508_Pp2D11.bam
MADRC1456,1456_180508_Pp2E04,MDA,/n/data1/bch/genetics/walsh-park/DATA/2019_MillerM_Alz_neurons_MDA/1456_180508_Pp2E04.bam
MADRC1647,1647-181116-Hp3C03,MDA,/n/data1/bch/genetics/walsh-park/DATA/2019_MillerM_Alz_neurons_MDA/1647-181116-Hp3C03.bam
MADRC1647,1647-181116-Hp3C11,MDA,/n/data1/hms/dbmi/park/jluquette/Walsh_Zinan_ALS_FTD/bam_reheaders/1647-181116-Hp3C11.reheadered.bam
MADRC1647,1647-181116-Hp3E10,MDA,/n/data1/hms/dbmi/park/jluquette/Walsh_Zinan_ALS_FTD/bam_reheaders/1647-181116-Hp3E10.reheadered.bam
MADRC1647,1647-181116-Hp3G08,MDA,/n/data1/hms/dbmi/park/jluquette/Walsh_Zinan_ALS_FTD/bam_reheaders/1647-181116-Hp3G08.reheadered.bam
MADRC1647,1647-181116-Hp3H06,MDA,/n/data1/hms/dbmi/park/jluquette/Walsh_Zinan_ALS_FTD/bam_reheaders/1647-181116-Hp3H06.reheadered.bam
MADRC1647,1647-190108-Pp3B09,MDA,/n/data1/hms/dbmi/park/jluquette/Walsh_Zinan_ALS_FTD/bam_reheaders/1647-190108-Pp3B09.reheadered.bam
MADRC1647,1647-190108-Pp3B10,MDA,/n/data1/hms/dbmi/park/jluquette/Walsh_Zinan_ALS_FTD/bam_reheaders/1647-190108-Pp3B10.reheadered.bam
MADRC1647,1647-190108-Pp3C11,MDA,/n/data1/hms/dbmi/park/jluquette/Walsh_Zinan_ALS_FTD/bam_reheaders/1647-190108-Pp3C11.reheadered.bam
MADRC1647,1647_180713_P2B05,MDA,/n/data1/hms/dbmi/park/jluquette/Walsh_Zinan_ALS_FTD/bam_reheaders/1647_180713_P2B05.reheadered.bam
MADRC1647,1647_180713_P2D11,MDA,/n/data1/hms/dbmi/park/jluquette/Walsh_Zinan_ALS_FTD/bam_reheaders/1647_180713_P2D11.reheadered.bam
MADRC1647,1647_180713_P2G01,MDA,/n/data1/hms/dbmi/park/jluquette/Walsh_Zinan_ALS_FTD/bam_reheaders/1647_180713_P2G01.reheadered.bam
MADRC1647,MA1647_p1B05,MDA,/n/data1/bch/genetics/walsh-park/DATA/2019_MillerM_Alz_neurons_MDA/MA1647_p1B05_fixed.bam
MADRC1647,MA1647_p1B06,MDA,/n/data1/hms/dbmi/park/jluquette/Walsh_Zinan_ALS_FTD/bam_reheaders/MA1647_p1B06_fixed.reheadered.bam
MADRC1647,MA1647_p1C05,MDA,/n/data1/hms/dbmi/park/jluquette/Walsh_Zinan_ALS_FTD/bam_reheaders/MA1647_p1C05_fixed.reheadered.bam
MADRC1647,MA1647_p1E05,MDA,/n/data1/hms/dbmi/park/jluquette/Walsh_Zinan_ALS_FTD/bam_reheaders/MA1647_p1E05.reheadered.bam
MADRC1647,MA1647_p1H05,MDA,/n/data1/hms/dbmi/park/jluquette/Walsh_Zinan_ALS_FTD/bam_reheaders/MA1647_p1H05_fixed.reheadered.bam
MADRC1828,1828-181116-Hp2B07,MDA,/n/data1/bch/genetics/walsh-park/DATA/2019_MillerM_Alz_neurons_MDA/1828-181116-Hp2B07.bam
MADRC1828,1828-181116-Hp2C09,MDA,/n/data1/hms/dbmi/park/jluquette/Walsh_Zinan_ALS_FTD/bam_reheaders/1828-181116-Hp2C09.reheadered.bam
MADRC1828,1828-181116-Hp2D07,MDA,/n/data1/hms/dbmi/park/jluquette/Walsh_Zinan_ALS_FTD/bam_reheaders/1828-181116-Hp2D07.reheadered.bam
MADRC1828,1828-181116-Hp2D09,MDA,/n/data1/hms/dbmi/park/jluquette/Walsh_Zinan_ALS_FTD/bam_reheaders/1828-181116-Hp2D09.reheadered.bam
MADRC1828,MA1828_p1A09,MDA,/n/data1/hms/dbmi/park/jluquette/Walsh_Zinan_ALS_FTD/bam_reheaders/MA1828_p1A09.reheadered.bam
MADRC1828,MA1828_p1C06,MDA,/n/data1/hms/dbmi/park/jluquette/Walsh_Zinan_ALS_FTD/bam_reheaders/MA1828_p1C06.reheadered.bam
MADRC1828,MA1828_p1D06,MDA,/n/data1/hms/dbmi/park/jluquette/Walsh_Zinan_ALS_FTD/bam_reheaders/MA1828_p1D06.reheadered.bam
MADRC1828,MA1828_p1F01,MDA,/n/data1/hms/dbmi/park/jluquette/Walsh_Zinan_ALS_FTD/bam_reheaders/MA1828_p1F01.reheadered.bam
MADRC1828,MA1828_p1F03,MDA,/n/data1/hms/dbmi/park/jluquette/Walsh_Zinan_ALS_FTD/bam_reheaders/MA1828_p1F03.reheadered.bam
MADRC1828,MA1828_p2F10,MDA,/n/data1/bch/genetics/walsh-park/DATA/2019_MillerM_Alz_neurons_MDA/MA1828_p2F10.bam
MADRC1828,MA1828_p2G02,MDA,/n/data1/hms/dbmi/park/jluquette/Walsh_Zinan_ALS_FTD/bam_reheaders/MA1828_p2G02.reheadered.bam
MADRC1828,MA1828_p2G10,MDA,/n/data1/hms/dbmi/park/jluquette/Walsh_Zinan_ALS_FTD/bam_reheaders/MA1828_p2G10.reheadered.bam
MADRC1828,MA1828_p2H02,MDA,/n/data1/hms/dbmi/park/jluquette/Walsh_Zinan_ALS_FTD/bam_reheaders/MA1828_p2H02.reheadered.bam
MADRC1828,MA1828_p2H11,MDA,/n/data1/hms/dbmi/park/jluquette/Walsh_Zinan_ALS_FTD/bam_reheaders/MA1828_p2H11.reheadered.bam
MADRC1995,1995-181114-Pp5E11,MDA,/n/data1/hms/dbmi/park/jluquette/Walsh_Zinan_ALS_FTD/bam_reheaders/1995-181114-Pp5E11.reheadered.bam
MADRC1995,1995-181114-Pp5G02,MDA,/n/data1/hms/dbmi/park/jluquette/Walsh_Zinan_ALS_FTD/bam_reheaders/1995-181114-Pp5G02.reheadered.bam
MADRC1995,1995-181114-Pp5H06,MDA,/n/data1/hms/dbmi/park/jluquette/Walsh_Zinan_ALS_FTD/bam_reheaders/1995-181114-Pp5H06.reheadered.bam
MADRC1995,1995-181114-Pp5H08,MDA,/n/data1/hms/dbmi/park/jluquette/Walsh_Zinan_ALS_FTD/bam_reheaders/1995-181114-Pp5H08.reheadered.bam
MADRC1995,1995_171201_Pp1G12,MDA,/n/data1/bch/genetics/walsh-park/DATA/2019_MillerM_Alz_neurons_MDA/1995_171201_Pp1G12.bam
MADRC1995,1995_171201_Pp1H09,MDA,/n/data1/bch/genetics/walsh-park/DATA/2019_MillerM_Alz_neurons_MDA/1995_171201_Pp1H09.bam
MADRC1995,1995_180413_Hp1A12,MDA,/n/data1/bch/genetics/walsh-park/DATA/2019_MillerM_Alz_neurons_MDA/1995_180413_Hp1A12.bam
MADRC1995,1995_180413_Hp1B03,MDA,/n/data1/bch/genetics/walsh-park/DATA/2019_MillerM_Alz_neurons_MDA/1995_180413_Hp1B03.bam
MADRC1995,1995_180601_Pp4D07,MDA,/n/data1/bch/genetics/walsh-park/DATA/2019_MillerM_Alz_neurons_MDA/1995_180601_Pp4D07.bam
MADRC1995,1995_180601_Pp4G11,MDA,/n/data1/bch/genetics/walsh-park/DATA/2019_MillerM_Alz_neurons_MDA/1995_180601_Pp4G11.bam
MADRC1995,1995_180604_Hp2A12,MDA,/n/data1/bch/genetics/walsh-park/DATA/2019_MillerM_Alz_neurons_MDA/1995_180604_Hp2A12.bam
MADRC1995,1995_180604_Hp2G12,MDA,/n/data1/bch/genetics/walsh-park/DATA/2019_MillerM_Alz_neurons_MDA/1995_180604_Hp2G12.bam
MADRC2208,2208-181120-Hp1B01,MDA,/n/data1/bch/genetics/walsh-park/DATA/2019_MillerM_Alz_neurons_MDA/2208-181120-Hp1B01.bam
MADRC2208,2208-181120-Hp1B02,MDA,/n/data1/hms/dbmi/park/jluquette/Walsh_Zinan_ALS_FTD/bam_reheaders/2208-181120-Hp1B02.reheadered.bam
MADRC2208,2208-181120-Hp1C12,MDA,/n/data1/hms/dbmi/park/jluquette/Walsh_Zinan_ALS_FTD/bam_reheaders/2208-181120-Hp1C12.reheadered.bam
MADRC2208,2208-181120-Hp1H04,MDA,/n/data1/hms/dbmi/park/jluquette/Walsh_Zinan_ALS_FTD/bam_reheaders/2208-181120-Hp1H04.reheadered.bam
MADRC2208,2208-181120-Hp1H05,MDA,/n/data1/hms/dbmi/park/jluquette/Walsh_Zinan_ALS_FTD/bam_reheaders/2208-181120-Hp1H05.reheadered.bam
MADRC2208,2208-181120-Pp1B05,MDA,/n/data1/hms/dbmi/park/jluquette/Walsh_Zinan_ALS_FTD/bam_reheaders/2208-181120-Pp1B05.reheadered.bam
MADRC2208,2208-181120-Pp1E01,MDA,/n/data1/bch/genetics/walsh-park/DATA/2019_MillerM_Alz_neurons_MDA/2208-181120-Pp1E01.bam
MADRC2208,2208-181120-Pp1G03,MDA,/n/data1/hms/dbmi/park/jluquette/Walsh_Zinan_ALS_FTD/bam_reheaders/2208-181120-Pp1G03.reheadered.bam
MADRC2208,2208-181120-Pp1G04,MDA,/n/data1/hms/dbmi/park/jluquette/Walsh_Zinan_ALS_FTD/bam_reheaders/2208-181120-Pp1G04.reheadered.bam
MADRC2208,2208-181120-Pp1H10,MDA,/n/data1/hms/dbmi/park/jluquette/Walsh_Zinan_ALS_FTD/bam_reheaders/2208-181120-Pp1H10.reheadered.bam
MADRC4556,4556_170602_H1B01,MDA,/n/data1/bch/genetics/walsh-park/DATA/2019_MillerM_Alz_neurons_MDA/4556_170602_H1B01.bam
MADRC4556,4556_170602_P1A08,MDA,/n/data1/hms/dbmi/park/jluquette/Walsh_Zinan_ALS_FTD/bam_reheaders/4556_170602_P1A08.reheadered.bam
MADRC4556,4556_170602_P1F05,MDA,/n/data1/hms/dbmi/park/jluquette/Walsh_Zinan_ALS_FTD/bam_reheaders/4556_170602_P1F05.reheadered.bam
MADRC4556,4556_170602_P1F07,MDA,/n/data1/hms/dbmi/park/jluquette/Walsh_Zinan_ALS_FTD/bam_reheaders/4556_170602_P1F07.reheadered.bam
MADRC4556,4556_170626_H2A09,MDA,/n/data1/hms/dbmi/park/jluquette/Walsh_Zinan_ALS_FTD/bam_reheaders/4556_170626_H2A09.reheadered.bam
MADRC4556,4556_170626_H2F06,MDA,/n/data1/hms/dbmi/park/jluquette/Walsh_Zinan_ALS_FTD/bam_reheaders/4556_170626_H2F06.reheadered.bam
MADRC4556,4556_170626_H2G07,MDA,/n/data1/bch/genetics/walsh-park/DATA/2019_MillerM_Alz_neurons_MDA/4556_170626_H2G07.bam
MADRC4556,4556_170626_H2G11,MDA,/n/data1/hms/dbmi/park/jluquette/Walsh_Zinan_ALS_FTD/bam_reheaders/4556_170626_H2G11.reheadered.bam
MADRC4556,4556_170626_P2E02,MDA,/n/data1/hms/dbmi/park/jluquette/Walsh_Zinan_ALS_FTD/bam_reheaders/4556_170626_P2E02.reheadered.bam
MADRC4556,4556_170626_P2F08,MDA,/n/data1/hms/dbmi/park/jluquette/Walsh_Zinan_ALS_FTD/bam_reheaders/4556_170626_P2F08.reheadered.bam
MADRC5222,5222-181114-Pp3C03,MDA,/n/data1/hms/dbmi/park/jluquette/Walsh_Zinan_ALS_FTD/bam_reheaders/5222-181114-Pp3C03.reheadered.bam
MADRC5222,5222-181114-Pp3G05,MDA,/n/data1/hms/dbmi/park/jluquette/Walsh_Zinan_ALS_FTD/bam_reheaders/5222-181114-Pp3G05.reheadered.bam
MADRC5222,5222_180601_Pp2B04,MDA,/n/data1/bch/genetics/walsh-park/DATA/2019_MillerM_Alz_neurons_MDA/5222_180601_Pp2B04.bam
MADRC5222,5222_180601_Pp2B12,MDA,/n/data1/hms/dbmi/park/jluquette/Walsh_Zinan_ALS_FTD/bam_reheaders/5222_180601_Pp2B12.reheadered.bam
MADRC5222,5222_180601_Pp2C01,MDA,/n/data1/hms/dbmi/park/jluquette/Walsh_Zinan_ALS_FTD/bam_reheaders/5222_180601_Pp2C01.reheadered.bam
MADRC5222,5222_180601_Pp2F05,MDA,/n/data1/hms/dbmi/park/jluquette/Walsh_Zinan_ALS_FTD/bam_reheaders/5222_180601_Pp2F05.reheadered.bam
MADRC5222,UMB5222_p1C06,MDA,/n/data1/hms/dbmi/park/jluquette/Walsh_Zinan_ALS_FTD/bam_reheaders/UMB5222_p1C06.reheadered.bam
MADRC5222,UMB5222_p1F08,MDA,/n/data1/hms/dbmi/park/jluquette/Walsh_Zinan_ALS_FTD/bam_reheaders/UMB5222_p1F08.reheadered.bam
MADRC5222,UMB5222_p1H04,MDA,/n/data1/hms/dbmi/park/jluquette/Walsh_Zinan_ALS_FTD/bam_reheaders/UMB5222_p1H04.reheadered.bam
MADRC5222,UMB5222_p1H07,MDA,/n/data1/hms/dbmi/park/jluquette/Walsh_Zinan_ALS_FTD/bam_reheaders/UMB5222_p1H07.reheadered.bam
MADRC5222,UMB5222_p2E10,MDA,/n/data1/hms/dbmi/park/jluquette/Walsh_Zinan_ALS_FTD/bam_reheaders/UMB5222_p2E10.reheadered.bam
UMB1465,1465_pfcalk-1cA12,MDA,/n/data1/hms/dbmi/park/DATA/MDAtest/1465_pfcalk-1cA12-final-all.bam
UMB1465,1465_pfcalk-1cB07,MDA,/n/data1/hms/dbmi/park/DATA/MDAtest/1465_pfcalk-1cB07-final-all.bam
UMB1465,1465_pfcalk-1cB08,MDA,/n/data1/hms/dbmi/park/DATA/MDAtest/1465_pfcalk-1cB08-final-all.bam
UMB1465,1465_pfcalk-1cD09,MDA,/n/data1/hms/dbmi/park/DATA/MDAtest/1465_pfcalk-1cD09-final-all.bam
UMB4976,4976-190221-Hp1C04,MDA,/n/data1/bch/genetics/walsh-park/DATA/2019_MillerM_Alz_neurons_MDA/4976-190221-Hp1C04.bam
UMB4976,4976-190221-Hp1F11,MDA,/n/data1/bch/genetics/walsh-park/DATA/2019_MillerM_Alz_neurons_MDA/4976-190221-Hp1F11.bam
UMB4976,4976-190221-Hp1G08,MDA,/n/data1/hms/dbmi/park/jluquette/Walsh_Zinan_ALS_FTD/bam_reheaders/4976-190221-Hp1G08.reheadered.bam
UMB4976,4976-190221-Hp2D06,MDA,/n/data1/hms/dbmi/park/jluquette/Walsh_Zinan_ALS_FTD/bam_reheaders/4976-190221-Hp2D06.reheadered.bam
UMB4976,4976-190221-Hp2E09,MDA,/n/data1/hms/dbmi/park/jluquette/Walsh_Zinan_ALS_FTD/bam_reheaders/4976-190221-Hp2E09.reheadered.bam
UMB4976,4976-190221-Pp1E11,MDA,/n/data1/hms/dbmi/park/jluquette/Walsh_Zinan_ALS_FTD/bam_reheaders/4976-190221-Pp1E11.reheadered.bam
UMB4976,4976-190221-Pp2C05,MDA,/n/data1/hms/dbmi/park/jluquette/Walsh_Zinan_ALS_FTD/bam_reheaders/4976-190221-Pp2C05.reheadered.bam
UMB4976,4976-190221-Pp2E06,MDA,/n/data1/hms/dbmi/park/jluquette/Walsh_Zinan_ALS_FTD/bam_reheaders/4976-190221-Pp2E06.reheadered.bam
UMB4976,4976-190221-Pp2F02,MDA,/n/data1/hms/dbmi/park/jluquette/Walsh_Zinan_ALS_FTD/bam_reheaders/4976-190221-Pp2F02.reheadered.bam
UMB4976,4976-190221-Pp2G03,MDA,/n/data1/hms/dbmi/park/jluquette/Walsh_Zinan_ALS_FTD/bam_reheaders/4976-190221-Pp2G03.reheadered.bam
UMB5087,5087-190107-Hp1A09,MDA,/n/data1/hms/dbmi/park/jluquette/Walsh_Zinan_ALS_FTD/bam_reheaders/5087-190107-Hp1A09.reheadered.bam
UMB5087,5087-190107-Hp1E12,MDA,/n/data1/bch/genetics/walsh-park/DATA/2019_MillerM_Alz_neurons_MDA/5087-190107-Hp1E12.bam
UMB5087,5087-190107-Hp1F06,MDA,/n/data1/hms/dbmi/park/jluquette/Walsh_Zinan_ALS_FTD/bam_reheaders/5087-190107-Hp1F06.reheadered.bam
UMB5087,5087-190107-Hp1F09,MDA,/n/data1/hms/dbmi/park/jluquette/Walsh_Zinan_ALS_FTD/bam_reheaders/5087-190107-Hp1F09.reheadered.bam
UMB5087,5087-190107-Hp1G08,MDA,/n/data1/hms/dbmi/park/jluquette/Walsh_Zinan_ALS_FTD/bam_reheaders/5087-190107-Hp1G08.reheadered.bam
UMB5171,5171_180713_P2E03,MDA,/n/data1/hms/dbmi/park/jluquette/Walsh_Zinan_ALS_FTD/bam_reheaders/5171_180713_P2E03.reheadered.bam
UMB5171,5171_180713_P2F01,MDA,/n/data1/hms/dbmi/park/jluquette/Walsh_Zinan_ALS_FTD/bam_reheaders/5171_180713_P2F01.reheadered.bam
UMB5171,5171_180713_P2F06,MDA,/n/data1/hms/dbmi/park/jluquette/Walsh_Zinan_ALS_FTD/bam_reheaders/5171_180713_P2F06.reheadered.bam
UMB5171,5171_180713_P2F08,MDA,/n/data1/hms/dbmi/park/jluquette/Walsh_Zinan_ALS_FTD/bam_reheaders/5171_180713_P2F08.reheadered.bam
UMB5171,UMB5171_p1A09,MDA,/n/data1/hms/dbmi/park/jluquette/Walsh_Zinan_ALS_FTD/bam_reheaders/UMB5171_p1A09.reheadered.bam
UMB5171,UMB5171_p1C01,MDA,/n/data1/hms/dbmi/park/jluquette/Walsh_Zinan_ALS_FTD/bam_reheaders/UMB5171_p1C01.reheadered.bam
UMB5171,UMB5171_p1D11,MDA,/n/data1/hms/dbmi/park/jluquette/Walsh_Zinan_ALS_FTD/bam_reheaders/UMB5171_p1D11.reheadered.bam
UMB5171,UMB5171_p1E07,MDA,/n/data1/hms/dbmi/park/jluquette/Walsh_Zinan_ALS_FTD/bam_reheaders/UMB5171_p1E07.reheadered.bam
UMB5171,UMB5171_p1H01,MDA,/n/data1/hms/dbmi/park/jluquette/Walsh_Zinan_ALS_FTD/bam_reheaders/UMB5171_p1H01.reheadered.bam
UMB5451,5451-190107-Hp1B10,MDA,/n/data1/bch/genetics/walsh-park/DATA/2019_MillerM_Alz_neurons_MDA/5451-190107-Hp1B10.bam
UMB5451,5451-190107-Hp1C11,MDA,/n/data1/hms/dbmi/park/jluquette/Walsh_Zinan_ALS_FTD/bam_reheaders/5451-190107-Hp1C11.reheadered.bam
UMB5451,5451-190107-Hp1D05,MDA,/n/data1/hms/dbmi/park/jluquette/Walsh_Zinan_ALS_FTD/bam_reheaders/5451-190107-Hp1D05.reheadered.bam
UMB5451,5451-190107-Hp1F11,MDA,/n/data1/hms/dbmi/park/jluquette/Walsh_Zinan_ALS_FTD/bam_reheaders/5451-190107-Hp1F11.reheadered.bam
UMB5451,5451-190107-Hp1G10,MDA,/n/data1/hms/dbmi/park/jluquette/Walsh_Zinan_ALS_FTD/bam_reheaders/5451-190107-Hp1G10.reheadered.bam
UMB5451,5451-190108-Pp1C03,MDA,/n/data1/hms/dbmi/park/jluquette/Walsh_Zinan_ALS_FTD/bam_reheaders/5451-190108-Pp1C03.reheadered.bam
UMB5451,5451-190108-Pp1D01,MDA,/n/data1/hms/dbmi/park/jluquette/Walsh_Zinan_ALS_FTD/bam_reheaders/5451-190108-Pp1D01.reheadered.bam
UMB5451,5451-190108-Pp1D10,MDA,/n/data1/hms/dbmi/park/jluquette/Walsh_Zinan_ALS_FTD/bam_reheaders/5451-190108-Pp1D10.reheadered.bam
UMB5451,5451-190108-Pp1F05,MDA,/n/data1/hms/dbmi/park/jluquette/Walsh_Zinan_ALS_FTD/bam_reheaders/5451-190108-Pp1F05.reheadered.bam
UMB5451,5451-190108-Pp1F09,MDA,/n/data1/hms/dbmi/park/jluquette/Walsh_Zinan_ALS_FTD/bam_reheaders/5451-190108-Pp1F09.reheadered.bam
UMB5657,5657_180713_P1B06,MDA,/n/data1/hms/dbmi/park/jluquette/Walsh_Zinan_ALS_FTD/bam_reheaders/5657_180713_P1B06.reheadered.bam
UMB5657,5657_180713_P1C01,MDA,/n/data1/hms/dbmi/park/jluquette/Walsh_Zinan_ALS_FTD/bam_reheaders/5657_180713_P1C01.reheadered.bam
UMB5657,5657_180713_P1E08,MDA,/n/data1/hms/dbmi/park/jluquette/Walsh_Zinan_ALS_FTD/bam_reheaders/5657_180713_P1E08.reheadered.bam
UMB5657,5657_180713_P1E10,MDA,/n/data1/hms/dbmi/park/jluquette/Walsh_Zinan_ALS_FTD/bam_reheaders/5657_180713_P1E10.reheadered.bam
UMB5657,5657_180713_P1E11,MDA,/n/data1/hms/dbmi/park/jluquette/Walsh_Zinan_ALS_FTD/bam_reheaders/5657_180713_P1E11.reheadered.bam
UMB5657,5657_180716_H1A08,MDA,/n/data1/hms/dbmi/park/jluquette/Walsh_Zinan_ALS_FTD/bam_reheaders/5657_180716_H1A08.reheadered.bam
UMB5657,5657_180716_H1F01,MDA,/n/data1/bch/genetics/walsh-park/DATA/2019_MillerM_Alz_neurons_MDA/5657_180716_H1F01.bam
UMB5657,5657_180716_H1F09,MDA,/n/data1/hms/dbmi/park/jluquette/Walsh_Zinan_ALS_FTD/bam_reheaders/5657_180716_H1F09.reheadered.bam
UMB5657,5657_180716_H1H08,MDA,/n/data1/hms/dbmi/park/jluquette/Walsh_Zinan_ALS_FTD/bam_reheaders/5657_180716_H1H08.reheadered.bam
UMB5657,5657_180716_H1H11,MDA,/n/data1/hms/dbmi/park/jluquette/Walsh_Zinan_ALS_FTD/bam_reheaders/5657_180716_H1H11.reheadered.bam
UMB5823,5823_180716_H1B10,MDA,/n/data1/hms/dbmi/park/jluquette/Walsh_Zinan_ALS_FTD/bam_reheaders/5823_180716_H1B10.reheadered.bam
UMB5823,5823_180716_H1E04,MDA,/n/data1/hms/dbmi/park/jluquette/Walsh_Zinan_ALS_FTD/bam_reheaders/5823_180716_H1E04.reheadered.bam
UMB5823,5823_180716_H1E07,MDA,/n/data1/bch/genetics/walsh-park/DATA/2019_MillerM_Alz_neurons_MDA/5823_180716_H1E07.bam
UMB5823,5823_180716_H1F04,MDA,/n/data1/hms/dbmi/park/jluquette/Walsh_Zinan_ALS_FTD/bam_reheaders/5823_180716_H1F04.reheadered.bam
UMB5823,5823_180716_H1H05,MDA,/n/data1/hms/dbmi/park/jluquette/Walsh_Zinan_ALS_FTD/bam_reheaders/5823_180716_H1H05.reheadered.bam
UMB5840,5840-190107-Hp2A12,MDA,/n/data1/hms/dbmi/park/jluquette/Walsh_Zinan_ALS_FTD/bam_reheaders/5840-190107-Hp2A12.reheadered.bam
UMB5840,5840-190107-Hp2B02,MDA,/n/data1/hms/dbmi/park/jluquette/Walsh_Zinan_ALS_FTD/bam_reheaders/5840-190107-Hp2B02.reheadered.bam
UMB5840,5840-190107-Hp2B08,MDA,/n/data1/hms/dbmi/park/jluquette/Walsh_Zinan_ALS_FTD/bam_reheaders/5840-190107-Hp2B08.reheadered.bam
UMB5840,5840-190107-Hp2F03,MDA,/n/data1/hms/dbmi/park/jluquette/Walsh_Zinan_ALS_FTD/bam_reheaders/5840-190107-Hp2F03.reheadered.bam
UMB5840,5840-190107-Hp2F12,MDA,/n/data1/hms/dbmi/park/jluquette/Walsh_Zinan_ALS_FTD/bam_reheaders/5840-190107-Hp2F12.reheadered.bam
UMB5943,5943-190107-Hp1A07,MDA,/n/data1/hms/dbmi/park/jluquette/Walsh_Zinan_ALS_FTD/bam_reheaders/5943-190107-Hp1A07.reheadered.bam
UMB5943,5943-190107-Hp1C10,MDA,/n/data1/hms/dbmi/park/jluquette/Walsh_Zinan_ALS_FTD/bam_reheaders/5943-190107-Hp1C10.reheadered.bam
UMB5943,5943-190107-Hp1C11,MDA,/n/data1/hms/dbmi/park/jluquette/Walsh_Zinan_ALS_FTD/bam_reheaders/5943-190107-Hp1C11.reheadered.bam
UMB5943,5943-190107-Hp1D04,MDA,/n/data1/bch/genetics/walsh-park/DATA/2019_MillerM_Alz_neurons_MDA/5943-190107-Hp1D04.bam
UMB5943,5943-190107-Hp1D10,MDA,/n/data1/hms/dbmi/park/jluquette/Walsh_Zinan_ALS_FTD/bam_reheaders/5943-190107-Hp1D10.reheadered.bam
UMB5943,5943-190108-Pp1A10,MDA,/n/data1/hms/dbmi/park/jluquette/Walsh_Zinan_ALS_FTD/bam_reheaders/5943-190108-Pp1A10.reheadered.bam
UMB5943,5943-190108-Pp1B02,MDA,/n/data1/hms/dbmi/park/jluquette/Walsh_Zinan_ALS_FTD/bam_reheaders/5943-190108-Pp1B02.reheadered.bam
UMB5943,5943-190108-Pp1C02,MDA,/n/data1/hms/dbmi/park/jluquette/Walsh_Zinan_ALS_FTD/bam_reheaders/5943-190108-Pp1C02.reheadered.bam
UMB5943,5943-190108-Pp1E07,MDA,/n/data1/hms/dbmi/park/jluquette/Walsh_Zinan_ALS_FTD/bam_reheaders/5943-190108-Pp1E07.reheadered.bam
UMB5943,5943-190108-Pp1F06,MDA,/n/data1/hms/dbmi/park/jluquette/Walsh_Zinan_ALS_FTD/bam_reheaders/5943-190108-Pp1F06.reheadered.bam
MADRC1653,1653-2-18,MDA,/n/data1/bch/genetics/walsh-park/DATA/2019_ZhouZ_ALS_neurons_MDA/1653-2-18.bam
MADRC1653,1653-2-19,MDA,/n/data1/hms/dbmi/park/jluquette/Walsh_Zinan_ALS_FTD/bam_reheaders/1653-2-19.reheadered.bam
MADRC1653,1653-2-34,MDA,/n/data1/bch/genetics/walsh-park/DATA/2019_ZhouZ_ALS_neurons_MDA/1653-2-34.bam
MADRC1653,1653-2-36,MDA,/n/data1/hms/dbmi/park/jluquette/Walsh_Zinan_ALS_FTD/bam_reheaders/1653-2-36.reheadered.bam
MADRC1653,1653-2-4,MDA,/n/data1/hms/dbmi/park/jluquette/Walsh_Zinan_ALS_FTD/bam_reheaders/1653-2-4.reheadered.bam
MADRC1653,1653-2-41,MDA,/n/data1/hms/dbmi/park/jluquette/Walsh_Zinan_ALS_FTD/bam_reheaders/1653-2-41.reheadered.bam
MADRC1653,1653-2-44,MDA,/n/data1/hms/dbmi/park/jluquette/Walsh_Zinan_ALS_FTD/bam_reheaders/1653-2-44.reheadered.bam
MADRC1653,1653-2-7,MDA,/n/data1/hms/dbmi/park/jluquette/Walsh_Zinan_ALS_FTD/bam_reheaders/1653-2-7.reheadered.bam
MADRC1653,1653-2-8,MDA,/n/data1/hms/dbmi/park/jluquette/Walsh_Zinan_ALS_FTD/bam_reheaders/1653-2-8.reheadered.bam
MADRC1653,1653M-B11,MDA,/n/data1/bch/genetics/walsh-park/DATA/2019_ZhouZ_ALS_neurons_MDA/1653M-B11.bam
MADRC1653,1653M-C7,MDA,/n/data1/bch/genetics/walsh-park/DATA/2019_ZhouZ_ALS_neurons_MDA/1653M-C7.bam
MADRC1653,1653M-E8,MDA,/n/data1/hms/dbmi/park/jluquette/Walsh_Zinan_ALS_FTD/bam_reheaders/1653M-E8.reheadered.bam
MADRC1973,1973F-A1,MDA,/n/data1/hms/dbmi/park/jluquette/Walsh_Zinan_ALS_FTD/bam_reheaders/1973F-A1.reheadered.bam
MADRC1973,1973F-C4,MDA,/n/data1/hms/dbmi/park/jluquette/Walsh_Zinan_ALS_FTD/bam_reheaders/1973F-C4.reheadered.bam
MADRC1973,1973F-G6,MDA,/n/data1/hms/dbmi/park/jluquette/Walsh_Zinan_ALS_FTD/bam_reheaders/1973F-G6.reheadered.bam
UMB5171,5171BA6-B2,MDA,/n/data1/hms/dbmi/park/jluquette/Walsh_Zinan_ALS_FTD/bam_reheaders/5171BA6-B2.reheadered.bam
UMB5171,5171BA6-D2,MDA,/n/data1/hms/dbmi/park/jluquette/Walsh_Zinan_ALS_FTD/bam_reheaders/5171BA6-D2.reheadered.bam
UMB5171,5171BA6-E2,MDA,/n/data1/hms/dbmi/park/jluquette/Walsh_Zinan_ALS_FTD/bam_reheaders/5171BA6-E2.reheadered.bam
UMB5823,5823BA6-D11,MDA,/n/data1/hms/dbmi/park/jluquette/Walsh_Zinan_ALS_FTD/bam_reheaders/5823BA6-D11.reheadered.bam
UMB5823,5823BA6-E10,MDA,/n/data1/hms/dbmi/park/jluquette/Walsh_Zinan_ALS_FTD/bam_reheaders/5823BA6-E10.reheadered.bam
UMB5823,5823BA6-E7,MDA,/n/data1/hms/dbmi/park/jluquette/Walsh_Zinan_ALS_FTD/bam_reheaders/5823BA6-E7.reheadered.bam
BU_UNITE_VA190106,11901106_Gy_C1,PTA,/n/data1/bch/genetics/walsh-park/DATA/2023_MaC_CTE_control_neurons_PTA/1901106_Gyrus_C1.bam
BU_UNITE_VA190106,11901106_Gy_C2,PTA,/n/data1/hms/dbmi/park/jluquette/glia/reheadered_bams_for_sentieon/1901106_Gyrus_C2.reheader.bam
UMB1278,1278BA9-A,PTA,/n/data1/bch/genetics/walsh-park/DATA/2019_MillerM_ZhouZ_pilot_PTA/1278BA9-A.b37.bam
UMB1278,1278BA9-B,PTA,/n/data1/bch/genetics/walsh-park/DATA/2019_MillerM_ZhouZ_pilot_PTA/1278BA9-B.b37.bam
UMB1278,1278BA9-C,PTA,/n/data1/bch/genetics/walsh-park/DATA/2019_MillerM_ZhouZ_pilot_PTA/1278BA9-C.b37.bam
UMB1465,1465BA9-A,PTA,/n/data1/bch/genetics/walsh-park/DATA/2019_MillerM_ZhouZ_pilot_PTA/1465BA9-A.b37.bam
UMB1465,1465BA9-B,PTA,/n/data1/bch/genetics/walsh-park/DATA/2019_MillerM_ZhouZ_pilot_PTA/1465BA9-B.b37.bam
UMB1465,1465BA9-C,PTA,/n/data1/bch/genetics/walsh-park/DATA/2019_MillerM_ZhouZ_pilot_PTA/1465BA9-C.b37.bam
UMB1465,1465BA9-D,PTA,/n/data1/bch/genetics/walsh-park/DATA/2019_MillerM_ZhouZ_pilot_PTA/1465BA9-D.b37.bam
BU_UNITE_VA301159,301159_Gyrus_D1,PTA,/n/data1/hms/dbmi/park/jluquette/glia/reheadered_bams_for_sentieon/301159_Gyrus_D1.reheader.bam
BU_UNITE_VA301159,301159_Gyrus_D3,PTA,/n/data1/hms/dbmi/park/jluquette/glia/reheadered_bams_for_sentieon/301159_Gyrus_D3.reheader.bam
UMB4638,4638-Neuron-4,PTA,/n/data1/bch/genetics/walsh-park/DATA/2020_GanzJ_Oligos_and_neurons_PTA/4638-Neuron-4.b37.bam
UMB4638,4638-Neuron-5,PTA,/n/data1/bch/genetics/walsh-park/DATA/2020_GanzJ_Oligos_and_neurons_PTA/4638-Neuron-5.b37.bam
UMB4638,4638-Neuron-6,PTA,/n/data1/bch/genetics/walsh-park/DATA/2020_GanzJ_Oligos_and_neurons_PTA/4638-Neuron-6.b37.bam
UMB4643,4643-Neuron-3,PTA,/n/data1/bch/genetics/walsh-park/DATA/2020_GanzJ_Oligos_and_neurons_PTA/4643-Neuron-3.b37.bam
UMB4643,4643-Neuron-4,PTA,/n/data1/bch/genetics/walsh-park/DATA/2020_GanzJ_Oligos_and_neurons_PTA/4643-Neuron-4.b37.bam
UMB4643,4643-Neuron-6,PTA,/n/data1/bch/genetics/walsh-park/DATA/2020_GanzJ_Oligos_and_neurons_PTA/4643-Neuron-6.b37.bam
UMB5087,5087PFC-A,PTA,/n/data1/bch/genetics/walsh-park/DATA/2020_MillerM_ZhouZ_control_neurons_PTA/5087PFC-A.b37.bam
UMB5087,5087PFC-B,PTA,/n/data1/bch/genetics/walsh-park/DATA/2020_MillerM_ZhouZ_control_neurons_PTA/5087PFC-B.b37.bam
UMB5087,5087PFC-C,PTA,/n/data1/bch/genetics/walsh-park/DATA/2020_MillerM_ZhouZ_control_neurons_PTA/5087PFC-C.b37.bam
UMB5219,5219-Neuron-2,PTA,/n/data1/bch/genetics/walsh-park/DATA/2020_GanzJ_Oligos_and_neurons_PTA/5219-Neuron-2.b37.bam
UMB5219,5219-Neuron-4,PTA,/n/data1/bch/genetics/walsh-park/DATA/2020_GanzJ_Oligos_and_neurons_PTA/5219-Neuron-4.b37.bam
UMB5219,5219-Neuron-5,PTA,/n/data1/bch/genetics/walsh-park/DATA/2020_GanzJ_Oligos_and_neurons_PTA/5219-Neuron-5.b37.bam
UMB5559,5559PFC-A,PTA,/n/data1/bch/genetics/walsh-park/DATA/2020_MillerM_ZhouZ_control_neurons_PTA/5559PFC-A.b37.bam
UMB5559,5559PFC-B,PTA,/n/data1/bch/genetics/walsh-park/DATA/2020_MillerM_ZhouZ_control_neurons_PTA/5559PFC-B.b37.bam
UMB5559,5559PFC-C,PTA,/n/data1/bch/genetics/walsh-park/DATA/2020_MillerM_ZhouZ_control_neurons_PTA/5559PFC-C.b37.bam
UMB5657,5657PFC-A,PTA,/n/data1/bch/genetics/walsh-park/DATA/2020_MillerM_ZhouZ_control_neurons_PTA/5657PFC-A.b37.bam
UMB5657,5657PFC-B,PTA,/n/data1/bch/genetics/walsh-park/DATA/2020_MillerM_ZhouZ_control_neurons_PTA/5657PFC-B.b37.bam
UMB5657,5657PFC-C,PTA,/n/data1/bch/genetics/walsh-park/DATA/2020_MillerM_ZhouZ_control_neurons_PTA/5657PFC-C.b37.bam
UMB5817,5817PFC-A,PTA,/n/data1/bch/genetics/walsh-park/DATA/2020_MillerM_ZhouZ_control_neurons_PTA/5817PFC-A.b37.bam
UMB5817,5817PFC-B,PTA,/n/data1/bch/genetics/walsh-park/DATA/2020_MillerM_ZhouZ_control_neurons_PTA/5817PFC-B.b37.bam
UMB5817,5817PFC-C,PTA,/n/data1/bch/genetics/walsh-park/DATA/2020_MillerM_ZhouZ_control_neurons_PTA/5817PFC-C.b37.bam
UMB5823,5823PFC-A,PTA,/n/data1/bch/genetics/walsh-park/DATA/2020_MillerM_ZhouZ_control_neurons_PTA/5823PFC-A.b37.bam
UMB5823,5823PFC-B,PTA,/n/data1/bch/genetics/walsh-park/DATA/2020_MillerM_ZhouZ_control_neurons_PTA/5823PFC-B.b37.bam
UMB5823,5823PFC-C,PTA,/n/data1/bch/genetics/walsh-park/DATA/2020_MillerM_ZhouZ_control_neurons_PTA/5823PFC-C.b37.bam
UMB5871,5871-Neuron-4,PTA,/n/data1/bch/genetics/walsh-park/DATA/2020_GanzJ_Oligos_and_neurons_PTA/5871-Neuron-4.b37.bam
UMB5871,5871-Neuron-5,PTA,/n/data1/bch/genetics/walsh-park/DATA/2020_GanzJ_Oligos_and_neurons_PTA/5871-Neuron-5.b37.bam
UMB5871,5871-Neuron-6,PTA,/n/data1/bch/genetics/walsh-park/DATA/2020_GanzJ_Oligos_and_neurons_PTA/5871-Neuron-6.b37.bam
UMB936,936PFC-A,PTA,/n/data1/bch/genetics/walsh-park/DATA/2020_MillerM_ZhouZ_control_neurons_PTA/936PFC-A.b37.bam
UMB936,936PFC-B,PTA,/n/data1/bch/genetics/walsh-park/DATA/2020_MillerM_ZhouZ_control_neurons_PTA/936PFC-B.b37.bam
UMB936,936PFC-C,PTA,/n/data1/bch/genetics/walsh-park/DATA/2020_MillerM_ZhouZ_control_neurons_PTA/936PFC-C.b37.bam
UMB4976,UMB4976_E1,PTA,/n/data1/bch/genetics/walsh-park/DATA/2021_MillerM_control_neurons_PTA/UMB4976_E1.bam
UMB4976,UMB4976_E2,PTA,/n/data1/hms/dbmi/park/jluquette/glia/reheadered_bams_for_sentieon/UMB4976_E2.reheader.bam
UMB4976,UMB4976_E3,PTA,/n/data1/hms/dbmi/park/jluquette/glia/reheadered_bams_for_sentieon/UMB4976_E3.reheader.bam
UMB5451,UMB5451_B2,PTA,/n/data1/hms/dbmi/park/jluquette/glia/reheadered_bams_for_sentieon/UMB5451_B2.reheader.bam
UMB5451,UMB5451_B3,PTA,/n/data1/hms/dbmi/park/jluquette/glia/reheadered_bams_for_sentieon/UMB5451_B3.reheader.bam
UMB5451,UMB5451_B5,PTA,/n/data1/hms/dbmi/park/jluquette/glia/reheadered_bams_for_sentieon/UMB5451_B5.reheader.bam
UMB5572,UMB5572_D2,PTA,/n/data1/hms/dbmi/park/jluquette/glia/reheadered_bams_for_sentieon/UMB5572_D2.reheader.bam
UMB5572,UMB5572_D3,PTA,/n/data1/hms/dbmi/park/jluquette/glia/reheadered_bams_for_sentieon/UMB5572_D3.reheader.bam
UMB5572,UMB5572_D4,PTA,/n/data1/hms/dbmi/park/jluquette/glia/reheadered_bams_for_sentieon/UMB5572_D4.reheader.bam
UMB5666,UMB5666_F1,PTA,/n/data1/hms/dbmi/park/jluquette/glia/reheadered_bams_for_sentieon/UMB5666_F1.reheader.bam
UMB5666,UMB5666_F2,PTA,/n/data1/hms/dbmi/park/jluquette/glia/reheadered_bams_for_sentieon/UMB5666_F2.reheader.bam
UMB5666,UMB5666_F5,PTA,/n/data1/hms/dbmi/park/jluquette/glia/reheadered_bams_for_sentieon/UMB5666_F5.reheader.bam
UMB5943,UMB5943_C2,PTA,/n/data1/hms/dbmi/park/jluquette/glia/reheadered_bams_for_sentieon/UMB5943_C2.reheader.bam
UMB5943,UMB5943_C4,PTA,/n/data1/hms/dbmi/park/jluquette/glia/reheadered_bams_for_sentieon/UMB5943_C4.reheader.bam
UMB5943,UMB5943_C5,PTA,/n/data1/hms/dbmi/park/jluquette/glia/reheadered_bams_for_sentieon/UMB5943_C5.reheader.bam
UMB1278,1278-Oligo-5,PTA,/n/data1/bch/genetics/walsh-park/DATA/2020_GanzJ_Oligos_and_neurons_PTA/1278-Oligo-5.b37.bam
UMB1278,1278-Oligo-7,PTA,/n/data1/bch/genetics/walsh-park/DATA/2020_GanzJ_Oligos_and_neurons_PTA/1278-Oligo-7.b37.bam
UMB1278,1278-Oligo-8,PTA,/n/data1/bch/genetics/walsh-park/DATA/2020_GanzJ_Oligos_and_neurons_PTA/1278-Oligo-8.b37.bam
UMB1278,1278_OL1,PTA,/n/data1/bch/genetics/walsh-park/DATA/2023_GanzJ_Oligos_and_neurons_PTA/1278_OL1.bam
UMB1278,1278_OL2,PTA,/n/data1/bch/genetics/walsh-park/DATA/2023_GanzJ_Oligos_and_neurons_PTA/1278_OL2.bam
UMB1278,1278_OL4,PTA,/n/data1/bch/genetics/walsh-park/DATA/2023_GanzJ_Oligos_and_neurons_PTA/1278_OL4.bam
UMB1465,1465-Oligo-5,PTA,/n/data1/bch/genetics/walsh-park/DATA/2020_GanzJ_Oligos_and_neurons_PTA/1465-Oligo-5.b37.bam
UMB1465,1465-Oligo-7,PTA,/n/data1/bch/genetics/walsh-park/DATA/2020_GanzJ_Oligos_and_neurons_PTA/1465-Oligo-7.b37.bam
UMB1465,1465-Oligo-8,PTA,/n/data1/bch/genetics/walsh-park/DATA/2020_GanzJ_Oligos_and_neurons_PTA/1465-Oligo-8.b37.bam
UMB1465,1465_OL1,PTA,/n/data1/bch/genetics/walsh-park/DATA/2023_GanzJ_Oligos_and_neurons_PTA/1465_OL1.bam
UMB1465,1465_OL2,PTA,/n/data1/bch/genetics/walsh-park/DATA/2023_GanzJ_Oligos_and_neurons_PTA/1465_OL2.bam
UMB1465,1465_OL3,PTA,/n/data1/bch/genetics/walsh-park/DATA/2023_GanzJ_Oligos_and_neurons_PTA/1465_OL3.bam
UMB4638,4638-Oligo-4,PTA,/n/data1/bch/genetics/walsh-park/DATA/2020_GanzJ_Oligos_and_neurons_PTA/4638-Oligo-4.b37.bam
UMB4638,4638-Oligo-5,PTA,/n/data1/bch/genetics/walsh-park/DATA/2020_GanzJ_Oligos_and_neurons_PTA/4638-Oligo-5.b37.bam
UMB4638,4638_OL3,PTA,/n/data1/bch/genetics/walsh-park/DATA/2023_GanzJ_Oligos_and_neurons_PTA/4638_OL3.bam
UMB4638,4638_OL8,PTA,/n/data1/bch/genetics/walsh-park/DATA/2023_GanzJ_Oligos_and_neurons_PTA/4638_OL8.bam
UMB4643,4643-Oligo-5,PTA,/n/data1/bch/genetics/walsh-park/DATA/2020_GanzJ_Oligos_and_neurons_PTA/4643-Oligo-5.b37.bam
UMB4643,4643-Oligo-6,PTA,/n/data1/bch/genetics/walsh-park/DATA/2020_GanzJ_Oligos_and_neurons_PTA/4643-Oligo-6.b37.bam
UMB4643,4643-Oligo-8,PTA,/n/data1/bch/genetics/walsh-park/DATA/2020_GanzJ_Oligos_and_neurons_PTA/4643-Oligo-8.b37.bam
UMB4643,4643_OL3,PTA,/n/data1/bch/genetics/walsh-park/DATA/2023_GanzJ_Oligos_and_neurons_PTA/4643_OL3.bam
UMB5087,5087-Oligo-4,PTA,/n/data1/bch/genetics/walsh-park/DATA/2020_GanzJ_Oligos_and_neurons_PTA/5087-Oligo-4.b37.bam
UMB5087,5087-Oligo-5,PTA,/n/data1/bch/genetics/walsh-park/DATA/2020_GanzJ_Oligos_and_neurons_PTA/5087-Oligo-5.b37.bam
UMB5087,5087-Oligo-7,PTA,/n/data1/bch/genetics/walsh-park/DATA/2020_GanzJ_Oligos_and_neurons_PTA/5087-Oligo-7.b37.bam
UMB5087,5087_OL2,PTA,/n/data1/bch/genetics/walsh-park/DATA/2023_GanzJ_Oligos_and_neurons_PTA/5087_OL2.bam
UMB5087,5087_OL8,PTA,/n/data1/bch/genetics/walsh-park/DATA/2023_GanzJ_Oligos_and_neurons_PTA/5087_OL8.bam
UMB5219,5219-Oligo-5,PTA,/n/data1/bch/genetics/walsh-park/DATA/2020_GanzJ_Oligos_and_neurons_PTA/5219-Oligo-5.b37.bam
UMB5219,5219-Oligo-6,PTA,/n/data1/bch/genetics/walsh-park/DATA/2020_GanzJ_Oligos_and_neurons_PTA/5219-Oligo-6.b37.bam
UMB5219,5219-Oligo-7,PTA,/n/data1/bch/genetics/walsh-park/DATA/2020_GanzJ_Oligos_and_neurons_PTA/5219-Oligo-7.b37.bam
UMB5219,5219_OL4,PTA,/n/data1/bch/genetics/walsh-park/DATA/2023_GanzJ_Oligos_and_neurons_PTA/5219_OL4.bam
UMB5219,5219_OL8,PTA,/n/data1/bch/genetics/walsh-park/DATA/2023_GanzJ_Oligos_and_neurons_PTA/5219_OL8.bam
UMB5559,5559-Oligo-3,PTA,/n/data1/bch/genetics/walsh-park/DATA/2020_GanzJ_Oligos_and_neurons_PTA/5559-Oligo-3.b37.bam
UMB5559,5559-Oligo-5,PTA,/n/data1/bch/genetics/walsh-park/DATA/2020_GanzJ_Oligos_and_neurons_PTA/5559-Oligo-5.b37.bam
UMB5559,5559-Oligo-8,PTA,/n/data1/bch/genetics/walsh-park/DATA/2020_GanzJ_Oligos_and_neurons_PTA/5559-Oligo-8.b37.bam
UMB5559,5559_OL1,PTA,/n/data1/bch/genetics/walsh-park/DATA/2023_GanzJ_Oligos_and_neurons_PTA/5559_OL1.bam
UMB5559,5559_OL2,PTA,/n/data1/bch/genetics/walsh-park/DATA/2023_GanzJ_Oligos_and_neurons_PTA/5559_OL2.bam
UMB5657,5657-Oligo-3,PTA,/n/data1/bch/genetics/walsh-park/DATA/2020_GanzJ_Oligos_and_neurons_PTA/5657-Oligo-3.b37.bam
UMB5657,5657-Oligo-5,PTA,/n/data1/bch/genetics/walsh-park/DATA/2020_GanzJ_Oligos_and_neurons_PTA/5657-Oligo-5.b37.bam
UMB5657,5657-Oligo-7,PTA,/n/data1/bch/genetics/walsh-park/DATA/2020_GanzJ_Oligos_and_neurons_PTA/5657-Oligo-7.b37.bam
UMB5657,5657_OL1,PTA,/n/data1/bch/genetics/walsh-park/DATA/2023_GanzJ_Oligos_and_neurons_PTA/5657_OL1.bam
UMB5657,5657_OL2,PTA,/n/data1/bch/genetics/walsh-park/DATA/2023_GanzJ_Oligos_and_neurons_PTA/5657_OL2.bam
UMB5657,5657_OL4,PTA,/n/data1/bch/genetics/walsh-park/DATA/2023_GanzJ_Oligos_and_neurons_PTA/5657_OL4.bam
UMB5657,5657_OL6,PTA,/n/data1/bch/genetics/walsh-park/DATA/2023_GanzJ_Oligos_and_neurons_PTA/5657_OL6.bam
UMB5657,5657_OL8,PTA,/n/data1/bch/genetics/walsh-park/DATA/2023_GanzJ_Oligos_and_neurons_PTA/5657_OL8.bam
UMB5817,5817-Oligo-4,PTA,/n/data1/bch/genetics/walsh-park/DATA/2020_GanzJ_Oligos_and_neurons_PTA/5817-Oligo-4.b37.bam
UMB5817,5817-Oligo-6,PTA,/n/data1/bch/genetics/walsh-park/DATA/2020_GanzJ_Oligos_and_neurons_PTA/5817-Oligo-6.b37.bam
UMB5817,5817-Oligo-7,PTA,/n/data1/bch/genetics/walsh-park/DATA/2020_GanzJ_Oligos_and_neurons_PTA/5817-Oligo-7.b37.bam
UMB5817,5817_OL2,PTA,/n/data1/bch/genetics/walsh-park/DATA/2023_GanzJ_Oligos_and_neurons_PTA/5817_OL2.bam
UMB5817,5817_OL3,PTA,/n/data1/bch/genetics/walsh-park/DATA/2023_GanzJ_Oligos_and_neurons_PTA/5817_OL3.bam
UMB5817,5817_OL8,PTA,/n/data1/bch/genetics/walsh-park/DATA/2023_GanzJ_Oligos_and_neurons_PTA/5817_OL8.bam
UMB5823,5823-Oligo-6,PTA,/n/data1/bch/genetics/walsh-park/DATA/2020_GanzJ_Oligos_and_neurons_PTA/5823-Oligo-6.b37.bam
UMB5823,5823-Oligo-7,PTA,/n/data1/bch/genetics/walsh-park/DATA/2020_GanzJ_Oligos_and_neurons_PTA/5823-Oligo-7.b37.bam
UMB5823,5823-Oligo-8,PTA,/n/data1/bch/genetics/walsh-park/DATA/2020_GanzJ_Oligos_and_neurons_PTA/5823-Oligo-8.b37.bam
UMB5823,5823_OL1,PTA,/n/data1/bch/genetics/walsh-park/DATA/2023_GanzJ_Oligos_and_neurons_PTA/5823_OL1.bam
UMB5823,5823_OL2,PTA,/n/data1/bch/genetics/walsh-park/DATA/2023_GanzJ_Oligos_and_neurons_PTA/5823_OL2.bam
UMB5823,5823_OL3,PTA,/n/data1/bch/genetics/walsh-park/DATA/2023_GanzJ_Oligos_and_neurons_PTA/5823_OL3.bam
UMB5823,5823_OL4,PTA,/n/data1/bch/genetics/walsh-park/DATA/2023_GanzJ_Oligos_and_neurons_PTA/5823_OL4.bam
UMB5823,5823_OL5,PTA,/n/data1/bch/genetics/walsh-park/DATA/2023_GanzJ_Oligos_and_neurons_PTA/5823_OL5.bam
UMB5871,5871-Oligo-4,PTA,/n/data1/bch/genetics/walsh-park/DATA/2020_GanzJ_Oligos_and_neurons_PTA/5871-Oligo-4.b37.bam
UMB5871,5871-Oligo-5,PTA,/n/data1/bch/genetics/walsh-park/DATA/2020_GanzJ_Oligos_and_neurons_PTA/5871-Oligo-5.b37.bam
UMB5871,5871-Oligo-7,PTA,/n/data1/bch/genetics/walsh-park/DATA/2020_GanzJ_Oligos_and_neurons_PTA/5871-Oligo-7.b37.bam
UMB5871,5871_OL3,PTA,/n/data1/bch/genetics/walsh-park/DATA/2023_GanzJ_Oligos_and_neurons_PTA/5871_OL3.bam
UMB5871,5871_OL6,PTA,/n/data1/bch/genetics/walsh-park/DATA/2023_GanzJ_Oligos_and_neurons_PTA/5871_OL6.bam
UMB5871,5871_OL8,PTA,/n/data1/bch/genetics/walsh-park/DATA/2023_GanzJ_Oligos_and_neurons_PTA/5871_OL8.bam
UMB936,936-Oligo-4,PTA,/n/data1/bch/genetics/walsh-park/DATA/2020_GanzJ_Oligos_and_neurons_PTA/936-Oligo-4.b37.bam
UMB936,936-Oligo-5,PTA,/n/data1/bch/genetics/walsh-park/DATA/2020_GanzJ_Oligos_and_neurons_PTA/936-Oligo-5.b37.bam
UMB936,936-Oligo-6,PTA,/n/data1/bch/genetics/walsh-park/DATA/2020_GanzJ_Oligos_and_neurons_PTA/936-Oligo-6.b37.bam
MADRC1353,1353P_200925A1,PTA,/n/data1/bch/genetics/walsh-park/DATA/2021_MillerM_Alz_neurons_PTA/1353P_200925A1.bam
MADRC1353,1353P_200925E1,PTA,/n/data1/hms/dbmi/park/jluquette/Walsh_Zinan_ALS_FTD/bam_reheaders/1353P_200925E1.reheadered.bam
MADRC1353,1353P_200925E2,PTA,/n/data1/hms/dbmi/park/jluquette/Walsh_Zinan_ALS_FTD/bam_reheaders/1353P_200925E2.reheadered.bam
MADRC1353,1353P_200925E3,PTA,/n/data1/hms/dbmi/park/jluquette/Walsh_Zinan_ALS_FTD/bam_reheaders/1353P_200925E3.reheadered.bam
MADRC1456,ALZ1456BA9-A,PTA,/n/data1/bch/genetics/walsh-park/DATA/2019_MillerM_ZhouZ_pilot_PTA/ALZ1456BA9-A.b37.bam
MADRC1456,ALZ1456BA9-B,PTA,/n/data1/bch/genetics/walsh-park/DATA/2019_MillerM_ZhouZ_pilot_PTA/ALZ1456BA9-B.b37.bam
MADRC1456,ALZ1456BA9-C,PTA,/n/data1/bch/genetics/walsh-park/DATA/2019_MillerM_ZhouZ_pilot_PTA/ALZ1456BA9-C.b37.bam
MADRC1456,ALZ1456BA9-D,PTA,/n/data1/bch/genetics/walsh-park/DATA/2019_MillerM_ZhouZ_pilot_PTA/ALZ1456BA9-D.b37.bam
MADRC1647,1647P_201001A5,PTA,/n/data1/hms/dbmi/park/jluquette/Walsh_Zinan_ALS_FTD/bam_reheaders/1647P_201001A5.reheadered.bam
MADRC1647,1647P_201001A6,PTA,/n/data1/hms/dbmi/park/jluquette/Walsh_Zinan_ALS_FTD/bam_reheaders/1647P_201001A6.reheadered.bam
MADRC1647,ALZ1647BA9-A,PTA,/n/data1/bch/genetics/walsh-park/DATA/2019_MillerM_ZhouZ_pilot_PTA/ALZ1647BA9-A.b37.bam
MADRC1647,ALZ1647BA9-B,PTA,/n/data1/bch/genetics/walsh-park/DATA/2019_MillerM_ZhouZ_pilot_PTA/ALZ1647BA9-B.b37.bam
MADRC1647,ALZ1647BA9-C,PTA,/n/data1/bch/genetics/walsh-park/DATA/2019_MillerM_ZhouZ_pilot_PTA/ALZ1647BA9-C.b37.bam
MADRC1647,ALZ1647BA9-D,PTA,/n/data1/bch/genetics/walsh-park/DATA/2019_MillerM_ZhouZ_pilot_PTA/ALZ1647BA9-D.b37.bam
MADRC1828,1828P_201001G1,PTA,/n/data1/bch/genetics/walsh-park/DATA/2021_MillerM_Alz_neurons_PTA/1828P_201001G1.bam
MADRC1828,1828P_201001G2,PTA,/n/data1/bch/genetics/walsh-park/DATA/2021_MillerM_Alz_neurons_PTA/1828P_201001G2.bam
MADRC1828,1828P_201001G6,PTA,/n/data1/hms/dbmi/park/jluquette/Walsh_Zinan_ALS_FTD/bam_reheaders/1828P_201001G6.reheadered.bam
MADRC1828,1828P_201001H1,PTA,/n/data1/hms/dbmi/park/jluquette/Walsh_Zinan_ALS_FTD/bam_reheaders/1828P_201001H1.reheadered.bam
MADRC1995,1995P_201001E1,PTA,/n/data1/hms/dbmi/park/jluquette/Walsh_Zinan_ALS_FTD/bam_reheaders/1995P_201001E1.reheadered.bam
MADRC1995,1995P_201001E3,PTA,/n/data1/hms/dbmi/park/jluquette/Walsh_Zinan_ALS_FTD/bam_reheaders/1995P_201001E3.reheadered.bam
MADRC1995,1995P_201001E5,PTA,/n/data1/hms/dbmi/park/jluquette/Walsh_Zinan_ALS_FTD/bam_reheaders/1995P_201001E5.reheadered.bam
MADRC1995,1995P_201001E6,PTA,/n/data1/hms/dbmi/park/jluquette/Walsh_Zinan_ALS_FTD/bam_reheaders/1995P_201001E6.reheadered.bam
MADRC2207,MA2207_A2,PTA,/n/data1/hms/dbmi/park/jluquette/Walsh_Zinan_ALS_FTD/bam_reheaders/MA2207_A2.reheadered.bam
MADRC2207,MA2207_A3,PTA,/n/data1/hms/dbmi/park/jluquette/Walsh_Zinan_ALS_FTD/bam_reheaders/MA2207_A3.reheadered.bam
MADRC2207,MA2207_A5,PTA,/n/data1/hms/dbmi/park/jluquette/Walsh_Zinan_ALS_FTD/bam_reheaders/MA2207_A5.reheadered.bam
MADRC2208,2208P_201001C2,PTA,/n/data1/hms/dbmi/park/jluquette/Walsh_Zinan_ALS_FTD/bam_reheaders/2208P_201001C2.reheadered.bam
MADRC2208,2208P_201001C3,PTA,/n/data1/hms/dbmi/park/jluquette/Walsh_Zinan_ALS_FTD/bam_reheaders/2208P_201001C3.reheadered.bam
MADRC2208,2208P_201001C4,PTA,/n/data1/hms/dbmi/park/jluquette/Walsh_Zinan_ALS_FTD/bam_reheaders/2208P_201001C4.reheadered.bam
MADRC2208,2208P_201001C6,PTA,/n/data1/hms/dbmi/park/jluquette/Walsh_Zinan_ALS_FTD/bam_reheaders/2208P_201001C6.reheadered.bam
MADRC2036,2036BA6-A,PTA,/n/data1/bch/genetics/walsh-park/DATA/2021_ZhouZ_ALS_neurons_PTA/2036BA6-A.bam
MADRC2036,2036BA6-B,PTA,/n/data1/hms/dbmi/park/jluquette/Walsh_Zinan_ALS_FTD/bam_reheaders/2036BA6-B.reheadered.bam
MADRC2036,2036BA6-C,PTA,/n/data1/hms/dbmi/park/jluquette/Walsh_Zinan_ALS_FTD/bam_reheaders/2036BA6-C.reheadered.bam
MADRC2036,2036BA6_NeuN_A,PTA,/n/data1/bch/genetics/walsh-park/DATA/2021_ZhouZ_ALS_neurons_PTA/2036BA6_NeuN_A.bam
MADRC2036,2036BA6_NeuN_B,PTA,/n/data1/hms/dbmi/park/jluquette/Walsh_Zinan_ALS_FTD/bam_reheaders/2036BA6_NeuN_B.reheadered.bam
MADRC2036,2036BA6_NeuN_C,PTA,/n/data1/hms/dbmi/park/jluquette/Walsh_Zinan_ALS_FTD/bam_reheaders/2036BA6_NeuN_C.reheadered.bam
MADRC1844,1844BA6-A,PTA,/n/data1/hms/dbmi/park/jluquette/Walsh_Zinan_ALS_FTD/bam_reheaders/1844BA6-A.reheadered.bam
MADRC1844,1844BA6-B,PTA,/n/data1/hms/dbmi/park/jluquette/Walsh_Zinan_ALS_FTD/bam_reheaders/1844BA6-B.reheadered.bam
MADRC1844,1844BA6-C,PTA,/n/data1/hms/dbmi/park/jluquette/Walsh_Zinan_ALS_FTD/bam_reheaders/1844BA6-C.reheadered.bam
MADRC1844,1844BA6_NeuN_A,PTA,/n/data1/hms/dbmi/park/jluquette/Walsh_Zinan_ALS_FTD/bam_reheaders/1844BA6_NeuN_A.reheadered.bam
MADRC1844,1844BA6_NeuN_B,PTA,/n/data1/hms/dbmi/park/jluquette/Walsh_Zinan_ALS_FTD/bam_reheaders/1844BA6_NeuN_B.reheadered.bam
MADRC1844,1844BA6_NeuN_C,PTA,/n/data1/hms/dbmi/park/jluquette/Walsh_Zinan_ALS_FTD/bam_reheaders/1844BA6_NeuN_C.reheadered.bam
MADRC1700,1700BA6_NeuN_A,PTA,/n/data1/hms/dbmi/park/jluquette/Walsh_Zinan_ALS_FTD/bam_reheaders/1700BA6_NeuN_A.reheadered.bam
MADRC1700,1700BA6_NeuN_B,PTA,/n/data1/hms/dbmi/park/jluquette/Walsh_Zinan_ALS_FTD/bam_reheaders/1700BA6_NeuN_B.reheadered.bam
MADRC1700,1700BA6_NeuN_C,PTA,/n/data1/hms/dbmi/park/jluquette/Walsh_Zinan_ALS_FTD/bam_reheaders/1700BA6_NeuN_C.reheadered.bam
MADRC1700,1700BA6_TDP_A,PTA,/n/data1/hms/dbmi/park/jluquette/Walsh_Zinan_ALS_FTD/bam_reheaders/1700BA6_TDP_A.reheadered.bam
MADRC1700,1700BA6_TDP_B,PTA,/n/data1/hms/dbmi/park/jluquette/Walsh_Zinan_ALS_FTD/bam_reheaders/1700BA6_TDP_B.reheadered.bam
MADRC1700,1700BA6_TDP_C,PTA,/n/data1/hms/dbmi/park/jluquette/Walsh_Zinan_ALS_FTD/bam_reheaders/1700BA6_TDP_C.reheadered.bam
MADRC1653,ALS1653BA9-A,PTA,/n/data1/bch/genetics/walsh-park/DATA/2019_MillerM_ZhouZ_pilot_PTA/ALS1653BA9-A.b37.bam
MADRC1653,ALS1653BA9-B,PTA,/n/data1/bch/genetics/walsh-park/DATA/2019_MillerM_ZhouZ_pilot_PTA/ALS1653BA9-B.b37.bam
MADRC1653,ALS1653BA9-C,PTA,/n/data1/bch/genetics/walsh-park/DATA/2019_MillerM_ZhouZ_pilot_PTA/ALS1653BA9-C.b37.bam
MADRC1653,ALS1653BA9-D,PTA,/n/data1/bch/genetics/walsh-park/DATA/2019_MillerM_ZhouZ_pilot_PTA/ALS1653BA9-D.b37.bam
UMB1278,1278_BA6_A,PTA,/n/data1/bch/genetics/walsh-park/DATA/2021_ZhouZ_BA6_control_neurons_PTA/1278_BA6_A.bam
UMB1278,1278_BA6_B,PTA,/n/data1/hms/dbmi/park/jluquette/Walsh_Zinan_ALS_FTD/bam_reheaders/1278_BA6_B.reheadered.bam
UMB1278,1278_BA6_C,PTA,/n/data1/hms/dbmi/park/jluquette/Walsh_Zinan_ALS_FTD/bam_reheaders/1278_BA6_C.reheadered.bam
UMB5087,5087_BA6_A,PTA,/n/data1/bch/genetics/walsh-park/DATA/2021_ZhouZ_BA6_control_neurons_PTA/5087_BA6_A.bam
UMB5087,5087_BA6_B,PTA,/n/data1/hms/dbmi/park/jluquette/Walsh_Zinan_ALS_FTD/bam_reheaders/5087_BA6_B.reheadered.bam
UMB5087,5087_BA6_C,PTA,/n/data1/bch/genetics/walsh-park/DATA/2021_ZhouZ_BA6_control_neurons_PTA/5087_BA6_C.bam
UMB5219,5219_BA6_A,PTA,/n/data1/hms/dbmi/park/jluquette/Walsh_Zinan_ALS_FTD/bam_reheaders/5219_BA6_A.reheadered.bam
UMB5219,5219_BA6_B,PTA,/n/data1/hms/dbmi/park/jluquette/Walsh_Zinan_ALS_FTD/bam_reheaders/5219_BA6_B.reheadered.bam
UMB5219,5219_BA6_C,PTA,/n/data1/hms/dbmi/park/jluquette/Walsh_Zinan_ALS_FTD/bam_reheaders/5219_BA6_C.reheadered.bam
UMB5451,5451-BA6-A,PTA,/n/data1/bch/genetics/walsh-park/DATA/2021_ZhouZ_BA6_control_neurons_PTA/5451-BA6-A.bam
UMB5451,5451-BA6-B,PTA,/n/data1/bch/genetics/walsh-park/DATA/2021_ZhouZ_BA6_control_neurons_PTA/5451-BA6-B.bam
UMB5451,5451-BA6-C,PTA,/n/data1/hms/dbmi/park/jluquette/Walsh_Zinan_ALS_FTD/bam_reheaders/5451-BA6-C.reheadered.bam
UMB5657,5657_BA6_A,PTA,/n/data1/hms/dbmi/park/jluquette/Walsh_Zinan_ALS_FTD/bam_reheaders/5657_BA6_A.reheadered.bam
UMB5657,5657_BA6_B,PTA,/n/data1/hms/dbmi/park/jluquette/Walsh_Zinan_ALS_FTD/bam_reheaders/5657_BA6_B.reheadered.bam
UMB5657,5657_BA6_C,PTA,/n/data1/hms/dbmi/park/jluquette/Walsh_Zinan_ALS_FTD/bam_reheaders/5657_BA6_C.reheadered.bam
UMB5817,5817_BA6_A,PTA,/n/data1/hms/dbmi/park/jluquette/Walsh_Zinan_ALS_FTD/bam_reheaders/5817_BA6_A.reheadered.bam
UMB5817,5817_BA6_B,PTA,/n/data1/hms/dbmi/park/jluquette/Walsh_Zinan_ALS_FTD/bam_reheaders/5817_BA6_B.reheadered.bam
UMB5817,5817_BA6_C,PTA,/n/data1/hms/dbmi/park/jluquette/Walsh_Zinan_ALS_FTD/bam_reheaders/5817_BA6_C.reheadered.bam
UMB5823,5823_BA6_A,PTA,/n/data1/hms/dbmi/park/jluquette/Walsh_Zinan_ALS_FTD/bam_reheaders/5823_BA6_A.reheadered.bam
UMB5823,5823_BA6_B,PTA,/n/data1/hms/dbmi/park/jluquette/Walsh_Zinan_ALS_FTD/bam_reheaders/5823_BA6_B.reheadered.bam
UMB5823,5823_BA6_C,PTA,/n/data1/hms/dbmi/park/jluquette/Walsh_Zinan_ALS_FTD/bam_reheaders/5823_BA6_C.reheadered.bam
UMB936,936_BA6_A,PTA,/n/data1/hms/dbmi/park/jluquette/Walsh_Zinan_ALS_FTD/bam_reheaders/936_BA6_A.reheadered.bam
UMB936,936_BA6_B,PTA,/n/data1/hms/dbmi/park/jluquette/Walsh_Zinan_ALS_FTD/bam_reheaders/936_BA6_B.reheadered.bam
UMB936,936_BA6_C,PTA,/n/data1/hms/dbmi/park/jluquette/Walsh_Zinan_ALS_FTD/bam_reheaders/936_BA6_C.reheadered.bam
MADRC1300,1300PFC_NeuN_A,PTA,/n/data1/bch/genetics/walsh-park/DATA/2021_ZhouZ_ALS_neurons_PTA/1300PFC_NeuN_A.bam
MADRC1300,1300PFC_NeuN_B,PTA,/n/data1/hms/dbmi/park/jluquette/Walsh_Zinan_ALS_FTD/bam_reheaders/1300PFC_NeuN_B.reheadered.bam
MADRC1300,1300PFC_NeuN_C,PTA,/n/data1/hms/dbmi/park/jluquette/Walsh_Zinan_ALS_FTD/bam_reheaders/1300PFC_NeuN_C.reheadered.bam
MADRC1300,1300PFC_TDP_A,PTA,/n/data1/hms/dbmi/park/jluquette/Walsh_Zinan_ALS_FTD/bam_reheaders/1300PFC_TDP_A.reheadered.bam
MADRC1300,1300PFC_TDP_B,PTA,/n/data1/hms/dbmi/park/jluquette/Walsh_Zinan_ALS_FTD/bam_reheaders/1300PFC_TDP_B.reheadered.bam
MADRC1300,1300PFC_TDP_C,PTA,/n/data1/hms/dbmi/park/jluquette/Walsh_Zinan_ALS_FTD/bam_reheaders/1300PFC_TDP_C.reheadered.bam
MADRC1334,1334PFC_NeuN_A,PTA,/n/data1/hms/dbmi/park/jluquette/Walsh_Zinan_ALS_FTD/bam_reheaders/1334PFC_NeuN_A.reheadered.bam
MADRC1334,1334PFC_NeuN_B,PTA,/n/data1/hms/dbmi/park/jluquette/Walsh_Zinan_ALS_FTD/bam_reheaders/1334PFC_NeuN_B.reheadered.bam
MADRC1334,1334PFC_NeuN_C,PTA,/n/data1/hms/dbmi/park/jluquette/Walsh_Zinan_ALS_FTD/bam_reheaders/1334PFC_NeuN_C.reheadered.bam
MADRC1334,1334PFC_TDP_A,PTA,/n/data1/hms/dbmi/park/jluquette/Walsh_Zinan_ALS_FTD/bam_reheaders/1334PFC_TDP_A.reheadered.bam
MADRC1334,1334PFC_TDP_B,PTA,/n/data1/hms/dbmi/park/jluquette/Walsh_Zinan_ALS_FTD/bam_reheaders/1334PFC_TDP_B.reheadered.bam
MADRC1334,1334PFC_TDP_C,PTA,/n/data1/hms/dbmi/park/jluquette/Walsh_Zinan_ALS_FTD/bam_reheaders/1334PFC_TDP_C.reheadered.bam
MADRC1792,1792PFC_NeuN_A,PTA,/n/data1/hms/dbmi/park/jluquette/Walsh_Zinan_ALS_FTD/bam_reheaders/1792PFC_NeuN_A.reheadered.bam
MADRC1792,1792PFC_NeuN_B,PTA,/n/data1/hms/dbmi/park/jluquette/Walsh_Zinan_ALS_FTD/bam_reheaders/1792PFC_NeuN_B.reheadered.bam
MADRC1792,1792PFC_NeuN_C,PTA,/n/data1/hms/dbmi/park/jluquette/Walsh_Zinan_ALS_FTD/bam_reheaders/1792PFC_NeuN_C.reheadered.bam
MADRC1792,1792PFC_TDP_A,PTA,/n/data1/hms/dbmi/park/jluquette/Walsh_Zinan_ALS_FTD/bam_reheaders/1792PFC_TDP_A.reheadered.bam
MADRC1792,1792PFC_TDP_B,PTA,/n/data1/hms/dbmi/park/jluquette/Walsh_Zinan_ALS_FTD/bam_reheaders/1792PFC_TDP_B.reheadered.bam
MADRC1792,1792PFC_TDP_C,PTA,/n/data1/hms/dbmi/park/jluquette/Walsh_Zinan_ALS_FTD/bam_reheaders/1792PFC_TDP_C.reheadered.bam
UMB6004,6004PFC_N_A,PTA,/n/data1/bch/genetics/walsh-park/DATA/2022_ZhouZ_FTD_neurons_PTA/6004PFC_N_A.bam
UMB6004,6004PFC_N_B,PTA,/n/data1/hms/dbmi/park/jluquette/Walsh_Zinan_ALS_FTD/bam_reheaders/6004PFC_N_B.reheadered.bam
UMB6004,6004PFC_N_C,PTA,/n/data1/bch/genetics/walsh-park/DATA/2022_ZhouZ_FTD_neurons_PTA/6004PFC_N_C.bam
UMB6004,6004PFC_T_A,PTA,/n/data1/hms/dbmi/park/jluquette/Walsh_Zinan_ALS_FTD/bam_reheaders/6004PFC_T_A.reheadered.bam
UMB6004,6004PFC_T_B,PTA,/n/data1/hms/dbmi/park/jluquette/Walsh_Zinan_ALS_FTD/bam_reheaders/6004PFC_T_B.reheadered.bam
UMB6004,6004PFC_T_C,PTA,/n/data1/hms/dbmi/park/jluquette/Walsh_Zinan_ALS_FTD/bam_reheaders/6004PFC_T_C.reheadered.bam
HBTRCS08631,S08631PFC_N_A,PTA,/n/data1/hms/dbmi/park/jluquette/Walsh_Zinan_ALS_FTD/bam_reheaders/S08631PFC_N_A.reheadered.bam
HBTRCS08631,S08631PFC_N_B,PTA,/n/data1/hms/dbmi/park/jluquette/Walsh_Zinan_ALS_FTD/bam_reheaders/S08631PFC_N_B.reheadered.bam
HBTRCS08631,S08631PFC_N_C,PTA,/n/data1/hms/dbmi/park/jluquette/Walsh_Zinan_ALS_FTD/bam_reheaders/S08631PFC_N_C.reheadered.bam
HBTRCS08631,S08631PFC_T_A,PTA,/n/data1/hms/dbmi/park/jluquette/Walsh_Zinan_ALS_FTD/bam_reheaders/S08631PFC_T_A.reheadered.bam
HBTRCS08631,S08631PFC_T_B,PTA,/n/data1/hms/dbmi/park/jluquette/Walsh_Zinan_ALS_FTD/bam_reheaders/S08631PFC_T_B.reheadered.bam
HBTRCS08631,S08631PFC_T_C,PTA,/n/data1/hms/dbmi/park/jluquette/Walsh_Zinan_ALS_FTD/bam_reheaders/S08631PFC_T_C.reheadered.bam
HBTRCS13034,S13034PFC_N_A,PTA,/n/data1/hms/dbmi/park/jluquette/Walsh_Zinan_ALS_FTD/bam_reheaders/S13034PFC_N_A.reheadered.bam
HBTRCS13034,S13034PFC_N_B,PTA,/n/data1/hms/dbmi/park/jluquette/Walsh_Zinan_ALS_FTD/bam_reheaders/S13034PFC_N_B.reheadered.bam
HBTRCS13034,S13034PFC_N_C,PTA,/n/data1/hms/dbmi/park/jluquette/Walsh_Zinan_ALS_FTD/bam_reheaders/S13034PFC_N_C.reheadered.bam
HBTRCS13034,S13034PFC_T_A,PTA,/n/data1/hms/dbmi/park/jluquette/Walsh_Zinan_ALS_FTD/bam_reheaders/S13034PFC_T_A.reheadered.bam
HBTRCS13034,S13034PFC_T_B,PTA,/n/data1/bch/genetics/walsh-park/DATA/2022_ZhouZ_FTD_neurons_PTA/S13034PFC_T_B.bam
HBTRCS13034,S13034PFC_T_C,PTA,/n/data1/bch/genetics/walsh-park/DATA/2022_ZhouZ_FTD_neurons_PTA/S13034PFC_T_C.bam
MADRC1300,1300-CB,bulk,/n/data1/bch/genetics/walsh-park/DATA/2021_ZhouZ_ALS_neurons_PTA/1300-CB.bam
MADRC1334,1334-CB,bulk,/n/data1/hms/dbmi/park/jluquette/Walsh_Zinan_ALS_FTD/bam_reheaders/1334-CB.reheadered.bam
MADRC1653,1653bulk,bulk,/n/data1/bch/genetics/walsh-park/DATA/2019_ZhouZ_ALS_neurons_MDA/1653_bulk.bam
MADRC1700,1700-CB,bulk,/n/data1/bch/genetics/walsh-park/DATA/2021_ZhouZ_ALS_neurons_PTA/1700-CB.bam
MADRC1792,1792-CB,bulk,/n/data1/hms/dbmi/park/jluquette/Walsh_Zinan_ALS_FTD/bam_reheaders/1792-CB.reheadered.bam
MADRC1844,1844bulk,bulk,/n/data1/bch/genetics/walsh-park/DATA/2021_ZhouZ_ALS_neurons_PTA/1844_bulk.bam
MADRC1973,1973-Parietal-bulk,bulk,/n/data1/hms/dbmi/park/jluquette/Walsh_Zinan_ALS_FTD/bam_reheaders/1973_bulk.reheadered.bam
MADRC2036,2036sc-bulk,bulk,/n/data1/bch/genetics/walsh-park/DATA/2021_ZhouZ_ALS_neurons_PTA/2036sc-bulk.bam
UMB6004,6004_bulk_CB,bulk,/n/data1/bch/genetics/walsh-park/DATA/2022_ZhouZ_FTD_neurons_PTA/6004_bulk_CB.bam
HBTRCS08631,S08631_bulk_CB,bulk,/n/data1/hms/dbmi/park/jluquette/Walsh_Zinan_ALS_FTD/bam_reheaders/S08631_bulk_CB.reheadered.bam
HBTRCS13034,S13034_bulk_CB,bulk,/n/data1/hms/dbmi/park/jluquette/Walsh_Zinan_ALS_FTD/bam_reheaders/S13034_bulk_CB.reheadered.bam
MADRC1353,MA1353_bulk_vessel,bulk,/n/data1/hms/dbmi/park/jluquette/Walsh_Zinan_ALS_FTD/bam_reheaders/MA1353_bulk.reheadered.bam
MADRC1456,MA1456_bulk_vessel,bulk,/n/data1/hms/dbmi/park/jluquette/Walsh_Zinan_ALS_FTD/bam_reheaders/MA1456_bulk.reheadered.bam
MADRC1647,MA1647,bulk,/n/data1/bch/genetics/walsh-park/DATA/2019_MillerM_Alz_neurons_MDA/MA1647_bulk.bam
MADRC1828,MA1828,bulk,/n/data1/hms/dbmi/park/jluquette/Walsh_Zinan_ALS_FTD/bam_reheaders/MA1828_bulk.reheadered.bam
MADRC1995,MA1995_bulk_vessel,bulk,/n/data1/hms/dbmi/park/jluquette/Walsh_Zinan_ALS_FTD/bam_reheaders/MA1995_bulk.reheadered.bam
MADRC2207,MA2207_bulk,bulk,/n/data1/hms/dbmi/park/jluquette/Walsh_Zinan_ALS_FTD/bam_reheaders/MA2207_bulk.reheadered.bam
MADRC2208,2208-190613-ctxBA6,bulk,/n/data1/bch/genetics/walsh-park/DATA/2019_MillerM_Alz_neurons_MDA/MA2208_bulk.bam
MADRC4556,4556_bulk,bulk,/n/data1/hms/dbmi/park/jluquette/Walsh_Zinan_ALS_FTD/bam_reheaders/UMB4556_bulk.reheadered.bam
MADRC5222,UMB5222,bulk,/n/data1/hms/dbmi/park/jluquette/Walsh_Zinan_ALS_FTD/bam_reheaders/UMB5222_bulk.reheadered.bam
UMB1278,1278_heart_bulk,bulk,/n/data1/hms/dbmi/park/jluquette/Walsh_Zinan_ALS_FTD/bam_reheaders/1278_heart_bulk.reheadered.bam
UMB5817,5817_liver_bulk,bulk,/n/data1/hms/dbmi/park/jluquette/glia/reheadered_bams_for_sentieon/5817_liver_bulk.reheader.bam
UMB5871,5871-BLK-liver,bulk,/n/data1/bch/genetics/walsh-park/DATA/2019_GanzJ_5871_bulk/5871-BLK-liver.b37.bam
UMB4638,4638-Bulk-Heart,bulk,/n/data1/bch/genetics/walsh-park/DATA/2015_LodatoM_Science/NormalSingleCells/Alignment/20160404_NYgenome_realignment/4638/4638-Bulk-Heart.bam
UMB1465,1465-heart_BulkDNA_WGSb,bulk,/n/data1/bch/genetics/walsh-park/DATA/2015_LodatoM_Science/NormalSingleCells/Alignment/20160404_NYgenome_realignment/1465/1465-heart_BulkDNA_WGSb.bam
UMB1465,1465-cortex_BulkDNA_WGSb,bulk,/n/data1/bch/genetics/walsh-park/DATA/2015_LodatoM_Science/NormalSingleCells/Alignment/20160404_NYgenome_realignment/1465/1465-cortex_BulkDNA_WGSb.bam
UMB5532,5532-hrt-1b1,bulk,/n/data1/bch/genetics/walsh-park/DATA/2018_LodatoM_Science_Aging/Hippocampus/Alignment/20160518_Macrogen/5532-hrt-1b1.bam
UMB5559,5559-bulk,bulk,/n/data1/bch/genetics/walsh-park/DATA/2018_LodatoM_Science_Aging/Hippocampus/Alignment/20151226_Macrogen/5559_0928-hrt-1b1.bam
UMB936,936-hrt-1b1_20170221-WGS,bulk,/n/data1/bch/genetics/walsh-park/DATA/2018_LodatoM_Science_Aging/Aging/Alignment/20170420_Alignment/936-hrt-1b1_20170221-WGS-final-all.bam
UMB4643,4643_Bulk-Liver,bulk,/n/data1/bch/genetics/walsh-park/DATA/2015_LodatoM_Science/NormalSingleCells/Alignment/20160404_NYgenome_realignment/4643/4643_Bulk-Liver.bam
UMB5087,5087-hrt-1b1,bulk,/n/data1/bch/genetics/walsh-park/DATA/2018_LodatoM_Science_Aging/Aging/Alignment/20161207_BAMcomparison/5087-hrt-1b1-final-all_realigned.bam
UMB5451,5451-190613-ctxBA4,bulk,/n/data1/bch/genetics/walsh-park/DATA/2021_MillerM_control_neurons_PTA/UMB5451_bulk_PTA.bam
UMB5666,UMB5666_bulk,bulk,/n/data1/hms/dbmi/park/jluquette/glia/reheadered_bams_for_sentieon/UMB5666_bulk.reheader.bam
UMB5943,5943-190613-ctxBA4,bulk,/n/data1/hms/dbmi/park/jluquette/Walsh_Zinan_ALS_FTD/bam_reheaders/UMB5943_bulk_PTA.reheadered.bam
UMB5572,UMB5572_bulk,bulk,/n/data1/hms/dbmi/park/jluquette/Walsh_Zinan_ALS_FTD/bam_reheaders/UMB5572_bulk.reheadered.bam
UMB5840,5840-hrt-1b1_20170221-WGS,bulk,/n/data1/bch/genetics/walsh-park/DATA/2018_LodatoM_Science_Aging/Aging/Alignment/20170420_Alignment/5840-hrt-1b1_20170221-WGS-final-all.bam
UMB5219,5219_cb_bulk,bulk,/n/data1/hms/dbmi/park/jluquette/glia/reheadered_bams_for_sentieon/5219_cb_bulk.reheader.bam
UMB5171,5171_cb_bulk,bulk,/n/data1/hms/dbmi/park/jluquette/glia/reheadered_bams_for_sentieon/5171_cb_bulk.reheader.bam
UMB5657,5657-bulk,bulk,/n/data1/bch/genetics/walsh-park/DATA/2018_LodatoM_Science_Aging/Hippocampus/Alignment/20151226_Macrogen/5657_0717-hrt-1b1.bam
UMB5511,5511-cer-1b1_20170221-WGS,bulk,/n/data1/bch/genetics/walsh-park/DATA/2018_LodatoM_Science_Aging/Aging/Alignment/20170420_Alignment/5511-cer-1b1_20170221-WGS-final-all.bam
UMB5823,5823-tempmusc-1b1_20170221-WGS,bulk,/n/data1/bch/genetics/walsh-park/DATA/2018_LodatoM_Science_Aging/Aging/Alignment/20170420_Alignment/5823-tempmusc-1b1_20170221-WGS-final-all.bam
UMB4976,4976-190613-cer,bulk,/n/data1/bch/genetics/walsh-park/DATA/2021_MillerM_control_neurons_PTA/UMB4976_bulk_PTA.bam
BU_UNITE_VA190106,CON1901106_bulk,bulk,/n/data1/bch/genetics/walsh-park/DATA/2023_MaC_CTE_control_neurons_PTA/CON1901106_bulk.bam
BU_UNITE_VA301159,CON301159_bulk,bulk,/n/data1/bch/genetics/walsh-park/DATA/2023_MaC_CTE_control_neurons_PTA/CON301159_bulk.bam
